City,Route,Date,Hour,Vehicles_Total,Cars,Two_Wheelers,Buses,Trucks,Auto_Rickshaws,EVs,Average_Speed_kmph,Congestion_pct,Weather_Flag,Festival_Flag
Delhi,Outer Ring Road,2026-01-01,0,4070,1480,1786,151,271,382,313,45.83,10,0,1
Delhi,Outer Ring Road,2026-01-01,1,3624,1263,1753,104,272,232,189,47.92,5,0,1
Delhi,Outer Ring Road,2026-01-01,2,3374,1105,1573,79,290,327,216,47.92,5,0,1
Delhi,Outer Ring Road,2026-01-01,3,3590,1181,1697,119,240,353,213,44.17,14,0,1
Delhi,Outer Ring Road,2026-01-01,4,3834,1513,1689,96,291,245,214,47.5,6,0,1
Delhi,Outer Ring Road,2026-01-01,5,15675,5594,7348,460,891,1382,976,37.92,29,0,1
Delhi,Outer Ring Road,2026-01-01,6,21991,8237,9093,643,1448,2570,1565,33.75,39,0,1
Delhi,Outer Ring Road,2026-01-01,7,24173,8727,10685,846,1581,2334,1338,37.08,31,0,1
Delhi,Outer Ring Road,2026-01-01,8,29501,9922,13996,999,2100,2484,2000,27.92,53,0,1
Delhi,Outer Ring Road,2026-01-01,9,26764,7509,13749,944,1961,2601,1720,37.08,31,0,1
Delhi,Outer Ring Road,2026-01-01,10,14021,5345,6245,372,839,1220,1033,40.42,23,0,1
Delhi,Outer Ring Road,2026-01-01,11,13484,4714,6216,465,841,1248,832,44.58,13,0,1
Delhi,Outer Ring Road,2026-01-01,12,14912,5305,6936,437,846,1388,937,42.08,19,0,1
Delhi,Outer Ring Road,2026-01-01,13,14121,5363,6095,407,957,1299,697,41.25,21,0,1
Delhi,Outer Ring Road,2026-01-01,14,14504,4773,7265,437,966,1063,1101,39.17,26,0,1
Delhi,Outer Ring Road,2026-01-01,15,15767,5846,6303,343,1131,2144,852,41.25,21,0,1
Delhi,Outer Ring Road,2026-01-01,16,14572,4717,6759,472,923,1701,813,37.5,30,0,1
Delhi,Outer Ring Road,2026-01-01,17,25223,9107,10710,580,1758,3068,1267,33.33,40,0,1
Delhi,Outer Ring Road,2026-01-01,18,28708,9065,13717,678,2179,3069,1880,30.83,46,0,1
Delhi,Outer Ring Road,2026-01-01,19,25569,8818,11231,650,2179,2691,1365,32.08,43,0,1
Delhi,Outer Ring Road,2026-01-01,20,12715,4563,5617,307,944,1284,898,37.92,29,0,1
Delhi,Outer Ring Road,2026-01-01,21,13976,4743,6270,380,1016,1567,912,39.58,25,0,1
Delhi,Outer Ring Road,2026-01-01,22,3845,1267,1828,161,282,307,214,46.67,8,0,1
Delhi,Outer Ring Road,2026-01-01,23,3737,1366,1768,111,231,261,237,45.83,10,0,1
Delhi,Outer Ring Road,2026-01-02,0,3938,1451,1686,130,250,421,253,47.92,5,0,0
Delhi,Outer Ring Road,2026-01-02,1,4004,1499,1829,138,220,318,283,46.67,8,0,0
Delhi,Outer Ring Road,2026-01-02,2,4076,1289,1986,125,279,397,252,45.83,10,0,0
Delhi,Outer Ring Road,2026-01-02,3,3484,1212,1600,110,336,226,244,47.92,5,0,0
Delhi,Outer Ring Road,2026-01-02,4,3622,1231,1688,86,220,397,212,47.5,6,0,0
Delhi,Outer Ring Road,2026-01-02,5,14479,5816,6043,466,698,1456,870,39.17,26,0,0
Delhi,Outer Ring Road,2026-01-02,6,19111,6997,8557,658,1111,1788,1170,39.17,26,0,0
Delhi,Outer Ring Road,2026-01-02,7,32575,9962,14748,1104,2911,3850,1601,30.0,48,0,0
Delhi,Outer Ring Road,2026-01-02,8,30966,11416,13473,1064,1908,3105,1184,32.08,43,0,0
Delhi,Outer Ring Road,2026-01-02,9,26065,10372,10726,594,1705,2668,1992,36.25,33,0,0
Delhi,Outer Ring Road,2026-01-02,10,16411,5462,7672,551,1227,1499,1060,40.42,23,0,0
Delhi,Outer Ring Road,2026-01-02,11,14596,5561,6572,333,1277,853,952,39.58,25,0,0
Delhi,Outer Ring Road,2026-01-02,12,14886,5202,6527,417,970,1770,980,42.08,19,0,0
Delhi,Outer Ring Road,2026-01-02,13,15955,5872,7202,520,968,1393,1144,38.75,27,0,0
Delhi,Outer Ring Road,2026-01-02,14,14364,5362,6262,373,1042,1325,905,38.75,27,0,0
Delhi,Outer Ring Road,2026-01-02,15,15827,5787,7055,448,1142,1395,1069,40.0,24,0,0
Delhi,Outer Ring Road,2026-01-02,16,14569,4891,7031,608,901,1138,1092,39.17,26,0,0
Delhi,Outer Ring Road,2026-01-02,17,29925,10450,14013,763,2115,2584,2196,30.83,46,0,0
Delhi,Outer Ring Road,2026-01-02,18,25082,9121,11083,684,1555,2639,1666,35.0,36,0,0
Delhi,Outer Ring Road,2026-01-02,19,26267,8521,12701,638,1746,2661,1764,30.0,48,0,0
Delhi,Outer Ring Road,2026-01-02,20,15881,5642,7188,403,1127,1521,1068,41.67,20,0,0
Delhi,Outer Ring Road,2026-01-02,21,15297,5083,7270,469,1127,1348,1016,40.42,23,0,0
Delhi,Outer Ring Road,2026-01-02,22,3886,1344,1636,125,324,457,303,47.92,5,0,0
Delhi,Outer Ring Road,2026-01-02,23,4243,1685,1846,105,250,357,207,47.92,5,0,0
Delhi,Outer Ring Road,2026-01-03,0,3141,1107,1397,121,244,272,178,47.08,7,0,0
Delhi,Outer Ring Road,2026-01-03,1,2909,1021,1338,73,140,337,186,45.83,10,0,0
Delhi,Outer Ring Road,2026-01-03,2,2794,988,1219,85,185,317,153,47.92,5,0,0
Delhi,Outer Ring Road,2026-01-03,3,3506,1250,1567,82,184,423,235,47.92,5,0,0
Delhi,Outer Ring Road,2026-01-03,4,4100,1443,1698,114,339,506,243,45.42,11,0,0
Delhi,Outer Ring Road,2026-01-03,5,13964,4524,6920,471,1136,913,780,45.42,11,0,0
Delhi,Outer Ring Road,2026-01-03,6,18393,6884,8216,529,1503,1261,951,38.33,28,0,0
Delhi,Outer Ring Road,2026-01-03,7,25306,7779,12128,798,1538,3063,1666,35.83,34,0,0
Delhi,Outer Ring Road,2026-01-03,8,22702,8136,9774,813,1406,2573,1338,37.08,31,0,0
Delhi,Outer Ring Road,2026-01-03,9,23881,8236,10349,593,2215,2488,1357,34.17,38,0,0
Delhi,Outer Ring Road,2026-01-03,10,12786,4716,5676,433,828,1133,803,46.67,8,0,0
Delhi,Outer Ring Road,2026-01-03,11,10604,3846,4728,277,730,1023,950,40.83,22,0,0
Delhi,Outer Ring Road,2026-01-03,12,12761,4336,6054,446,897,1028,764,44.17,14,0,0
Delhi,Outer Ring Road,2026-01-03,13,15584,5359,7300,573,1084,1268,1206,38.75,27,0,0
Delhi,Outer Ring Road,2026-01-03,14,11348,3642,4999,260,892,1555,570,41.67,20,0,0
Delhi,Outer Ring Road,2026-01-03,15,11948,4191,5492,324,889,1052,801,42.5,18,0,0
Delhi,Outer Ring Road,2026-01-03,16,12589,4433,5634,450,1000,1072,815,40.42,23,0,0
Delhi,Outer Ring Road,2026-01-03,17,24490,8461,11951,842,1598,1638,1301,34.17,38,0,0
Delhi,Outer Ring Road,2026-01-03,18,31579,12158,13927,714,2284,2496,1917,29.58,49,0,0
Delhi,Outer Ring Road,2026-01-03,19,27463,10425,12023,744,2149,2122,1915,29.17,50,0,0
Delhi,Outer Ring Road,2026-01-03,20,11142,4159,4825,328,835,995,726,43.33,16,0,0
Delhi,Outer Ring Road,2026-01-03,21,18060,6490,8247,503,1174,1646,1237,39.17,26,0,0
Delhi,Outer Ring Road,2026-01-03,22,3576,1233,1680,93,269,301,174,47.92,5,0,0
Delhi,Outer Ring Road,2026-01-03,23,2680,942,1181,103,197,257,187,47.92,5,0,0
Delhi,Outer Ring Road,2026-01-04,0,3555,1109,1717,130,266,333,244,43.33,16,0,0
Delhi,Outer Ring Road,2026-01-04,1,3533,1211,1648,93,282,299,231,47.92,5,0,0
Delhi,Outer Ring Road,2026-01-04,2,3655,1371,1654,99,242,289,229,47.08,7,0,0
Delhi,Outer Ring Road,2026-01-04,3,3769,1354,1521,132,267,495,208,47.92,5,0,0
Delhi,Outer Ring Road,2026-01-04,4,2718,962,1288,77,189,202,235,47.92,5,0,0
Delhi,Outer Ring Road,2026-01-04,5,13130,4606,5963,393,785,1383,1044,38.75,27,0,0
Delhi,Outer Ring Road,2026-01-04,6,22641,7425,10075,681,1635,2825,1104,32.08,43,0,0
Delhi,Outer Ring Road,2026-01-04,7,23733,7916,10828,538,1938,2513,1258,37.5,30,0,0
Delhi,Outer Ring Road,2026-01-04,8,23218,7738,11307,508,1527,2138,1010,35.0,36,0,0
Delhi,Outer Ring Road,2026-01-04,9,23523,9022,10477,793,1498,1733,2062,34.58,37,0,0
Delhi,Outer Ring Road,2026-01-04,10,12982,4678,5904,385,845,1170,843,42.92,17,0,0
Delhi,Outer Ring Road,2026-01-04,11,11851,4064,5380,445,516,1446,873,46.67,8,0,0
Delhi,Outer Ring Road,2026-01-04,12,12428,3957,5642,336,757,1736,858,39.58,25,0,0
Delhi,Outer Ring Road,2026-01-04,13,14083,4930,6137,479,852,1685,859,41.67,20,0,0
Delhi,Outer Ring Road,2026-01-04,14,14066,4724,6454,499,824,1565,961,41.67,20,0,0
Delhi,Outer Ring Road,2026-01-04,15,13467,5061,5527,390,868,1621,772,44.58,13,0,0
Delhi,Outer Ring Road,2026-01-04,16,10538,3278,4926,408,517,1409,674,43.75,15,0,0
Delhi,Outer Ring Road,2026-01-04,17,28622,9785,12957,996,1995,2889,1737,31.67,44,0,0
Delhi,Outer Ring Road,2026-01-04,18,31755,10802,13913,1177,2502,3361,1982,28.75,51,0,0
Delhi,Outer Ring Road,2026-01-04,19,28640,10755,12894,759,2239,1993,2135,30.42,47,0,0
Delhi,Outer Ring Road,2026-01-04,20,16328,6276,7524,550,810,1168,1018,39.58,25,0,0
Delhi,Outer Ring Road,2026-01-04,21,16822,6325,7617,466,1136,1278,987,42.08,19,0,0
Delhi,Outer Ring Road,2026-01-04,22,3051,957,1434,128,223,309,171,46.67,8,0,0
Delhi,Outer Ring Road,2026-01-04,23,3217,1274,1355,88,243,257,209,44.58,13,0,0
Delhi,Outer Ring Road,2026-01-05,0,3551,1200,1630,88,247,386,244,47.92,5,0,0
Delhi,Outer Ring Road,2026-01-05,1,3506,1259,1602,120,260,265,240,46.67,8,0,0
Delhi,Outer Ring Road,2026-01-05,2,4098,1498,1927,129,277,267,289,47.08,7,0,0
Delhi,Outer Ring Road,2026-01-05,3,3964,1328,1722,148,291,475,245,47.5,6,0,0
Delhi,Outer Ring Road,2026-01-05,4,4272,1547,1905,121,288,411,284,47.92,5,0,0
Delhi,Outer Ring Road,2026-01-05,5,16570,5801,7127,468,1423,1751,1168,42.5,18,0,0
Delhi,Outer Ring Road,2026-01-05,6,21796,7265,9825,728,1336,2642,1760,36.67,32,0,0
Delhi,Outer Ring Road,2026-01-05,7,25442,9374,11644,646,1552,2226,1399,35.42,35,0,0
Delhi,Outer Ring Road,2026-01-05,8,23641,8482,10378,758,2078,1945,1694,35.42,35,0,0
Delhi,Outer Ring Road,2026-01-05,9,26720,8452,12565,853,1915,2935,1742,27.5,54,0,0
Delhi,Outer Ring Road,2026-01-05,10,13298,4496,5890,369,863,1680,978,42.92,17,0,0
Delhi,Outer Ring Road,2026-01-05,11,12962,4444,6187,442,960,929,1015,37.92,29,0,0
Delhi,Outer Ring Road,2026-01-05,12,13340,4576,5594,404,977,1789,796,43.33,16,0,0
Delhi,Outer Ring Road,2026-01-05,13,12016,4256,5220,475,791,1274,757,40.0,24,0,0
Delhi,Outer Ring Road,2026-01-05,14,18766,6179,7999,649,1416,2523,1217,38.75,27,0,0
Delhi,Outer Ring Road,2026-01-05,15,15420,5278,6809,458,1137,1738,1134,38.75,27,0,0
Delhi,Outer Ring Road,2026-01-05,16,14110,5279,6211,354,1007,1259,923,38.33,28,0,0
Delhi,Outer Ring Road,2026-01-05,17,28478,8684,12677,947,2147,4023,1643,31.25,45,0,0
Delhi,Outer Ring Road,2026-01-05,18,28673,9429,13508,853,2066,2817,1733,31.25,45,0,0
Delhi,Outer Ring Road,2026-01-05,19,31427,11696,13850,876,2708,2297,1901,29.17,50,0,0
Delhi,Outer Ring Road,2026-01-05,20,17106,6116,8220,723,1019,1028,1210,40.0,24,0,0
Delhi,Outer Ring Road,2026-01-05,21,12635,4382,5779,333,701,1440,879,42.08,19,0,0
Delhi,Outer Ring Road,2026-01-05,22,4691,1546,2124,135,353,533,285,46.25,9,0,0
Delhi,Outer Ring Road,2026-01-05,23,3263,1071,1520,110,226,336,222,47.08,7,0,0
Delhi,Outer Ring Road,2026-01-06,0,4137,1367,1881,129,265,495,238,43.75,15,0,0
Delhi,Outer Ring Road,2026-01-06,1,3822,1419,1633,107,314,349,231,47.92,5,0,0
Delhi,Outer Ring Road,2026-01-06,2,3632,1221,1523,136,314,438,193,47.92,5,0,0
Delhi,Outer Ring Road,2026-01-06,3,3838,1497,1573,130,257,381,252,47.92,5,0,0
Delhi,Outer Ring Road,2026-01-06,4,3726,1218,1635,109,335,429,212,46.67,8,0,0
Delhi,Outer Ring Road,2026-01-06,5,16818,5683,7717,432,1244,1742,1192,37.92,29,0,0
Delhi,Outer Ring Road,2026-01-06,6,23780,8981,10005,714,2092,1988,1848,34.17,38,0,0
Delhi,Outer Ring Road,2026-01-06,7,24778,8680,11104,819,1918,2257,1578,29.58,49,0,0
Delhi,Outer Ring Road,2026-01-06,8,32454,11390,15021,993,2470,2580,2045,32.5,42,0,0
Delhi,Outer Ring Road,2026-01-06,9,28168,9730,13614,1098,1675,2051,1920,29.58,49,0,0
Delhi,Outer Ring Road,2026-01-06,10,17310,6399,7300,499,1143,1969,1185,42.08,19,0,0
Delhi,Outer Ring Road,2026-01-06,11,16952,5426,8050,524,1228,1724,1004,40.42,23,0,0
Delhi,Outer Ring Road,2026-01-06,12,14356,5257,6963,404,1115,617,1118,44.58,13,0,0
Delhi,Outer Ring Road,2026-01-06,13,13774,4581,6130,527,962,1574,852,40.42,23,0,0
Delhi,Outer Ring Road,2026-01-06,14,14532,5722,6198,415,820,1377,1132,39.17,26,0,0
Delhi,Outer Ring Road,2026-01-06,15,13797,4683,6048,556,1016,1494,969,40.83,22,0,0
Delhi,Outer Ring Road,2026-01-06,16,13953,4853,6196,416,1078,1410,965,41.25,21,0,0
Delhi,Outer Ring Road,2026-01-06,17,28103,11514,11898,968,2440,1283,2362,32.08,43,0,0
Delhi,Outer Ring Road,2026-01-06,18,31541,11459,13028,769,1983,4302,1912,29.17,50,0,0
Delhi,Outer Ring Road,2026-01-06,19,30747,10440,13690,937,2769,2911,1979,27.92,53,0,0
Delhi,Outer Ring Road,2026-01-06,20,16311,5776,7598,380,1351,1206,1110,41.25,21,0,0
Delhi,Outer Ring Road,2026-01-06,21,14289,4909,6277,438,1176,1489,868,38.75,27,0,0
Delhi,Outer Ring Road,2026-01-06,22,4388,1600,1797,146,291,554,267,47.08,7,0,0
Delhi,Outer Ring Road,2026-01-06,23,3761,1243,1766,89,337,326,211,47.92,5,0,0
Delhi,Outer Ring Road,2026-01-07,0,3546,1345,1382,118,213,488,245,47.92,5,0,0
Delhi,Outer Ring Road,2026-01-07,1,2688,769,1294,54,200,371,194,47.08,7,0,0
Delhi,Outer Ring Road,2026-01-07,2,4113,1461,1864,123,278,387,241,47.92,5,0,0
Delhi,Outer Ring Road,2026-01-07,3,3059,988,1379,76,222,394,211,47.92,5,0,0
Delhi,Outer Ring Road,2026-01-07,4,3384,1103,1645,99,260,277,223,47.92,5,0,0
Delhi,Outer Ring Road,2026-01-07,5,13361,4142,6299,441,957,1522,859,38.75,27,0,0
Delhi,Outer Ring Road,2026-01-07,6,21437,7621,9420,705,1519,2172,1244,37.5,30,0,0
Delhi,Outer Ring Road,2026-01-07,7,22355,6837,10987,580,1373,2578,1373,32.92,41,0,0
Delhi,Outer Ring Road,2026-01-07,8,24708,8123,11459,1018,1453,2655,1691,33.33,40,0,0
Delhi,Outer Ring Road,2026-01-07,9,26282,8789,11161,732,1992,3608,1485,35.83,34,0,0
Delhi,Outer Ring Road,2026-01-07,10,14248,4351,7041,510,1159,1187,976,37.5,30,0,0
Delhi,Outer Ring Road,2026-01-07,11,13745,4861,6488,364,928,1104,912,42.92,17,0,0
Delhi,Outer Ring Road,2026-01-07,12,14804,5580,6252,530,776,1666,1092,42.92,17,0,0
Delhi,Outer Ring Road,2026-01-07,13,17290,5696,8012,515,1309,1758,1170,40.83,22,0,0
Delhi,Outer Ring Road,2026-01-07,14,14693,5267,6192,387,952,1895,1042,39.17,26,0,0
Delhi,Outer Ring Road,2026-01-07,15,12512,4567,5206,363,1101,1275,801,42.5,18,0,0
Delhi,Outer Ring Road,2026-01-07,16,14631,5503,6603,516,921,1088,746,39.58,25,0,0
Delhi,Outer Ring Road,2026-01-07,17,24154,8948,9536,1051,1730,2889,1494,34.58,37,0,0
Delhi,Outer Ring Road,2026-01-07,18,30910,10913,13451,963,1930,3653,1906,31.67,44,0,0
Delhi,Outer Ring Road,2026-01-07,19,29632,10457,12609,893,2410,3263,1840,29.17,50,0,0
Delhi,Outer Ring Road,2026-01-07,20,16802,5923,7892,396,1003,1588,1021,39.58,25,0,0
Delhi,Outer Ring Road,2026-01-07,21,14498,5161,6911,481,1048,897,852,41.25,21,0,0
Delhi,Outer Ring Road,2026-01-07,22,3282,1184,1399,108,203,388,210,47.92,5,0,0
Delhi,Outer Ring Road,2026-01-07,23,3558,1226,1598,112,259,363,238,45.42,11,0,0
Delhi,Ring Road,2026-01-01,0,3850,1216,1804,154,251,425,206,47.92,5,0,1
Delhi,Ring Road,2026-01-01,1,3681,1231,1749,63,239,399,194,47.08,7,0,1
Delhi,Ring Road,2026-01-01,2,3450,1190,1573,85,276,326,220,47.92,5,0,1
Delhi,Ring Road,2026-01-01,3,3273,1212,1489,136,198,238,256,47.92,5,0,1
Delhi,Ring Road,2026-01-01,4,3178,1035,1501,122,239,281,258,47.92,5,0,1
Delhi,Ring Road,2026-01-01,5,14113,5274,6222,513,953,1151,973,41.25,21,0,1
Delhi,Ring Road,2026-01-01,6,23600,8325,11150,759,1388,1978,1792,34.58,37,0,1
Delhi,Ring Road,2026-01-01,7,21153,7767,9389,677,1611,1709,1129,31.67,44,0,1
Delhi,Ring Road,2026-01-01,8,23255,8371,9502,704,1601,3077,1315,31.25,45,0,1
Delhi,Ring Road,2026-01-01,9,24358,8901,10299,732,1695,2731,1466,34.17,38,0,1
Delhi,Ring Road,2026-01-01,10,11334,4716,4479,280,777,1082,764,40.42,23,0,1
Delhi,Ring Road,2026-01-01,11,14298,4891,6132,445,957,1873,936,38.33,28,0,1
Delhi,Ring Road,2026-01-01,12,13991,4851,6622,321,1010,1187,857,38.75,27,0,1
Delhi,Ring Road,2026-01-01,13,14886,4985,6253,534,1005,2109,963,42.92,17,0,1
Delhi,Ring Road,2026-01-01,14,14131,5345,6345,459,944,1038,911,41.67,20,0,1
Delhi,Ring Road,2026-01-01,15,12057,4523,5286,361,656,1231,902,42.92,17,0,1
Delhi,Ring Road,2026-01-01,16,12751,4216,5818,429,888,1400,714,42.08,19,0,1
Delhi,Ring Road,2026-01-01,17,27229,10326,11277,720,1857,3049,1422,34.17,38,0,1
Delhi,Ring Road,2026-01-01,18,20469,6613,9675,849,1276,2056,1554,31.25,45,0,1
Delhi,Ring Road,2026-01-01,19,31254,11155,14247,966,2279,2607,1824,27.5,54,0,1
Delhi,Ring Road,2026-01-01,20,12695,4517,5314,423,863,1578,674,41.25,21,0,1
Delhi,Ring Road,2026-01-01,21,11845,4250,4818,359,1041,1377,633,37.92,29,0,1
Delhi,Ring Road,2026-01-01,22,3962,1328,1809,98,256,471,310,44.17,14,0,1
Delhi,Ring Road,2026-01-01,23,3254,1198,1408,72,248,328,196,47.92,5,0,1
Delhi,Ring Road,2026-01-02,0,3668,1191,1642,59,264,512,274,47.92,5,0,0
Delhi,Ring Road,2026-01-02,1,3206,1008,1462,99,245,392,195,47.92,5,0,0
Delhi,Ring Road,2026-01-02,2,3092,1102,1365,102,254,269,234,47.92,5,0,0
Delhi,Ring Road,2026-01-02,3,3447,1049,1618,130,293,357,215,46.67,8,0,0
Delhi,Ring Road,2026-01-02,4,2808,1074,1247,68,210,209,197,47.92,5,0,0
Delhi,Ring Road,2026-01-02,5,10448,3314,4901,262,728,1243,574,42.5,18,0,0
Delhi,Ring Road,2026-01-02,6,19986,6977,9246,553,1212,1998,1124,41.67,20,0,0
Delhi,Ring Road,2026-01-02,7,25459,7116,12165,636,1943,3599,1546,33.33,40,0,0
Delhi,Ring Road,2026-01-02,8,23661,7870,11694,619,1551,1927,1589,29.58,49,0,0
Delhi,Ring Road,2026-01-02,9,25130,8723,11309,567,2015,2516,1566,25.42,59,0,0
Delhi,Ring Road,2026-01-02,10,13425,4802,6087,509,1013,1014,971,42.08,19,0,0
Delhi,Ring Road,2026-01-02,11,15874,5122,7341,554,1076,1781,1057,40.42,23,0,0
Delhi,Ring Road,2026-01-02,12,11960,3995,5651,329,710,1275,971,43.75,15,0,0
Delhi,Ring Road,2026-01-02,13,12998,4344,6152,403,742,1357,820,38.75,27,0,0
Delhi,Ring Road,2026-01-02,14,14808,4984,7158,429,976,1261,1012,40.0,24,0,0
Delhi,Ring Road,2026-01-02,15,13222,4122,6310,460,1072,1258,613,42.08,19,0,0
Delhi,Ring Road,2026-01-02,16,14977,4860,6824,417,1191,1685,907,40.0,24,0,0
Delhi,Ring Road,2026-01-02,17,23878,8961,9498,638,1848,2933,1661,33.75,39,0,0
Delhi,Ring Road,2026-01-02,18,26270,8605,11973,843,1551,3298,1551,30.83,46,0,0
Delhi,Ring Road,2026-01-02,19,25907,9627,11582,723,2061,1914,1724,27.5,54,0,0
Delhi,Ring Road,2026-01-02,20,11404,4129,4855,349,831,1240,776,39.58,25,0,0
Delhi,Ring Road,2026-01-02,21,13597,5025,6011,536,932,1093,1005,40.42,23,0,0
Delhi,Ring Road,2026-01-02,22,2554,840,1195,74,184,261,177,47.92,5,0,0
Delhi,Ring Road,2026-01-02,23,3670,1326,1576,118,216,434,217,45.83,10,0,0
Delhi,Ring Road,2026-01-03,0,3248,1072,1577,88,218,293,233,47.92,5,0,0
Delhi,Ring Road,2026-01-03,1,2717,1028,1135,105,187,262,175,45.83,10,0,0
Delhi,Ring Road,2026-01-03,2,2764,988,1191,85,187,313,115,46.67,8,0,0
Delhi,Ring Road,2026-01-03,3,2866,1063,1150,107,200,346,213,45.42,11,0,0
Delhi,Ring Road,2026-01-03,4,3722,1315,1763,82,252,310,313,47.92,5,0,0
Delhi,Ring Road,2026-01-03,5,11837,4061,5393,445,737,1201,686,44.58,13,0,0
Delhi,Ring Road,2026-01-03,6,15851,5527,7360,435,917,1612,837,37.08,31,0,0
Delhi,Ring Road,2026-01-03,7,21989,7698,9179,593,1654,2865,1034,34.17,38,0,0
Delhi,Ring Road,2026-01-03,8,21354,7583,10003,558,1421,1789,1596,34.58,37,0,0
Delhi,Ring Road,2026-01-03,9,26739,9559,13031,652,1511,1986,1868,30.0,48,0,0
Delhi,Ring Road,2026-01-03,10,9450,3028,4304,277,777,1064,567,45.42,11,0,0
Delhi,Ring Road,2026-01-03,11,8652,3074,3832,224,614,908,537,45.42,11,0,0
Delhi,Ring Road,2026-01-03,12,11901,3826,5586,447,832,1210,820,41.25,21,0,0
Delhi,Ring Road,2026-01-03,13,12999,4386,6066,421,775,1351,833,41.25,21,0,0
Delhi,Ring Road,2026-01-03,14,11484,4216,4974,385,905,1004,852,43.75,15,0,0
Delhi,Ring Road,2026-01-03,15,13020,4267,5974,502,749,1528,922,42.08,19,0,0
Delhi,Ring Road,2026-01-03,16,13613,4799,5921,419,919,1555,943,44.17,14,0,0
Delhi,Ring Road,2026-01-03,17,31876,12550,13181,1174,1947,3024,1774,27.5,54,0,0
Delhi,Ring Road,2026-01-03,18,26543,9750,11855,926,1612,2400,1365,32.5,42,0,0
Delhi,Ring Road,2026-01-03,19,30751,9493,15120,820,2115,3203,1770,27.08,55,0,0
Delhi,Ring Road,2026-01-03,20,13445,4880,5988,400,874,1303,860,41.25,21,0,0
Delhi,Ring Road,2026-01-03,21,13813,4764,6467,370,1000,1212,1030,39.58,25,0,0
Delhi,Ring Road,2026-01-03,22,3070,977,1495,79,187,332,241,43.33,16,0,0
Delhi,Ring Road,2026-01-03,23,3349,1057,1660,97,222,313,213,47.92,5,0,0
Delhi,Ring Road,2026-01-04,0,2371,758,1127,74,217,195,103,47.92,5,0,0
Delhi,Ring Road,2026-01-04,1,3522,1084,1761,112,226,339,303,47.92,5,0,0
Delhi,Ring Road,2026-01-04,2,3206,1177,1427,94,225,283,215,47.92,5,0,0
Delhi,Ring Road,2026-01-04,3,3342,1195,1452,99,269,327,165,45.0,12,0,0
Delhi,Ring Road,2026-01-04,4,2772,911,1181,101,133,446,189,47.92,5,0,0
Delhi,Ring Road,2026-01-04,5,11587,4094,5135,372,846,1140,720,42.08,19,0,0
Delhi,Ring Road,2026-01-04,6,16707,5866,7719,244,1221,1657,1084,38.75,27,0,0
Delhi,Ring Road,2026-01-04,7,24710,8325,12188,816,1536,1845,1512,30.42,47,0,0
Delhi,Ring Road,2026-01-04,8,24264,8657,10837,759,1481,2530,1716,31.25,45,0,0
Delhi,Ring Road,2026-01-04,9,24879,8801,11503,863,1702,2010,1591,33.75,39,0,0
Delhi,Ring Road,2026-01-04,10,10719,3659,4999,319,573,1169,693,44.17,14,0,0
Delhi,Ring Road,2026-01-04,11,12586,4000,6337,347,826,1076,913,41.67,20,0,0
Delhi,Ring Road,2026-01-04,12,11293,4347,4592,280,831,1243,837,44.58,13,0,0
Delhi,Ring Road,2026-01-04,13,7437,2840,3202,254,507,634,532,46.67,8,0,0
Delhi,Ring Road,2026-01-04,14,12331,4465,5440,512,864,1050,790,45.0,12,0,0
Delhi,Ring Road,2026-01-04,15,10691,3621,4742,333,669,1326,669,42.5,18,0,0
Delhi,Ring Road,2026-01-04,16,11206,4148,5032,284,702,1040,611,43.75,15,0,0
Delhi,Ring Road,2026-01-04,17,25986,8935,11890,773,1960,2428,1747,31.67,44,0,0
Delhi,Ring Road,2026-01-04,18,28439,8363,13066,886,2544,3580,1921,27.08,55,0,0
Delhi,Ring Road,2026-01-04,19,27855,9087,12499,779,2088,3402,1697,30.83,46,0,0
Delhi,Ring Road,2026-01-04,20,14258,4685,7150,283,985,1155,887,40.0,24,0,0
Delhi,Ring Road,2026-01-04,21,13481,4671,6408,409,990,1003,1001,40.42,23,0,0
Delhi,Ring Road,2026-01-04,22,3360,1119,1541,126,272,302,190,45.42,11,0,0
Delhi,Ring Road,2026-01-04,23,2667,833,1287,86,172,289,158,47.92,5,0,0
Delhi,Ring Road,2026-01-05,0,3473,1336,1508,98,243,288,155,47.92,5,0,0
Delhi,Ring Road,2026-01-05,1,4457,1508,2043,124,303,479,242,44.58,13,0,0
Delhi,Ring Road,2026-01-05,2,3752,1294,1680,107,273,398,227,47.92,5,0,0
Delhi,Ring Road,2026-01-05,3,3498,1089,1729,79,249,352,230,47.08,7,0,0
Delhi,Ring Road,2026-01-05,4,3365,1060,1736,91,242,236,219,44.17,14,0,0
Delhi,Ring Road,2026-01-05,5,12992,4243,6210,366,900,1273,970,39.58,25,0,0
Delhi,Ring Road,2026-01-05,6,16473,5873,7361,575,1381,1283,951,40.83,22,0,0
Delhi,Ring Road,2026-01-05,7,23513,8557,10459,668,1506,2323,1362,28.75,51,0,0
Delhi,Ring Road,2026-01-05,8,19526,7585,8413,555,1258,1715,1251,33.33,40,0,0
Delhi,Ring Road,2026-01-05,9,17772,5410,8732,505,1157,1968,905,36.25,33,0,0
Delhi,Ring Road,2026-01-05,10,16108,5930,6821,445,1238,1674,938,37.5,30,0,0
Delhi,Ring Road,2026-01-05,11,15767,5805,6940,368,944,1710,1209,37.92,29,0,0
Delhi,Ring Road,2026-01-05,12,12474,4038,5815,427,1019,1175,742,40.83,22,0,0
Delhi,Ring Road,2026-01-05,13,12282,4862,5274,339,782,1025,886,41.67,20,0,0
Delhi,Ring Road,2026-01-05,14,11951,4341,5414,299,568,1329,714,40.0,24,0,0
Delhi,Ring Road,2026-01-05,15,9896,3183,4838,342,712,821,609,41.67,20,0,0
Delhi,Ring Road,2026-01-05,16,13125,4941,5644,268,1040,1232,752,43.33,16,0,0
Delhi,Ring Road,2026-01-05,17,24488,8338,11505,905,1337,2403,1339,31.67,44,0,0
Delhi,Ring Road,2026-01-05,18,27722,8169,13141,931,2234,3247,1968,32.5,42,0,0
Delhi,Ring Road,2026-01-05,19,27101,8226,13470,876,1801,2728,1811,31.67,44,0,0
Delhi,Ring Road,2026-01-05,20,11909,3992,5673,309,966,969,838,40.83,22,0,0
Delhi,Ring Road,2026-01-05,21,10276,3905,4349,254,662,1106,725,43.33,16,0,0
Delhi,Ring Road,2026-01-05,22,3209,1190,1458,103,210,248,190,46.67,8,0,0
Delhi,Ring Road,2026-01-05,23,3630,1284,1710,78,280,278,228,47.08,7,0,0
Delhi,Ring Road,2026-01-06,0,4284,1391,2053,110,285,445,264,43.33,16,0,0
Delhi,Ring Road,2026-01-06,1,3550,1272,1598,110,269,301,214,47.92,5,0,0
Delhi,Ring Road,2026-01-06,2,3639,1250,1627,132,240,390,199,47.92,5,0,0
Delhi,Ring Road,2026-01-06,3,3744,1285,1791,112,206,350,273,46.25,9,0,0
Delhi,Ring Road,2026-01-06,4,3662,1265,1631,96,278,392,246,47.92,5,0,0
Delhi,Ring Road,2026-01-06,5,9612,3184,4580,244,730,874,703,42.08,19,0,0
Delhi,Ring Road,2026-01-06,6,20566,7979,8447,647,1369,2124,1022,34.58,37,0,0
Delhi,Ring Road,2026-01-06,7,21203,6838,9199,799,1431,2936,1197,38.33,28,0,0
Delhi,Ring Road,2026-01-06,8,20951,6948,9800,548,1441,2214,1527,32.08,43,0,0
Delhi,Ring Road,2026-01-06,9,23147,8491,10317,787,1518,2034,1569,33.75,39,0,0
Delhi,Ring Road,2026-01-06,10,13011,4485,5585,332,1031,1578,620,42.92,17,0,0
Delhi,Ring Road,2026-01-06,11,10633,3925,4862,257,686,903,721,42.5,18,0,0
Delhi,Ring Road,2026-01-06,12,11838,3830,5227,329,996,1456,607,40.0,24,0,0
Delhi,Ring Road,2026-01-06,13,14222,5502,6104,554,863,1199,1047,39.17,26,0,0
Delhi,Ring Road,2026-01-06,14,13818,4764,6061,308,1060,1625,841,40.42,23,0,0
Delhi,Ring Road,2026-01-06,15,10579,3746,4749,303,829,952,728,44.58,13,0,0
Delhi,Ring Road,2026-01-06,16,12924,4543,5664,358,875,1484,772,44.17,14,0,0
Delhi,Ring Road,2026-01-06,17,30317,9376,14805,1008,1957,3171,2006,28.75,51,0,0
Delhi,Ring Road,2026-01-06,18,22698,7849,10448,629,1687,2085,1589,30.83,46,0,0
Delhi,Ring Road,2026-01-06,19,23311,8180,10246,725,1586,2574,1563,35.83,34,0,0
Delhi,Ring Road,2026-01-06,20,14311,4651,6777,429,1092,1362,1037,35.0,36,0,0
Delhi,Ring Road,2026-01-06,21,11738,4224,4805,395,796,1518,601,40.42,23,0,0
Delhi,Ring Road,2026-01-06,22,3205,1173,1436,75,185,336,199,47.92,5,0,0
Delhi,Ring Road,2026-01-06,23,3466,1259,1413,96,234,464,180,45.83,10,0,0
Delhi,Ring Road,2026-01-07,0,3341,1198,1415,102,243,383,200,47.92,5,0,0
Delhi,Ring Road,2026-01-07,1,3007,1280,1241,106,165,215,214,47.08,7,0,0
Delhi,Ring Road,2026-01-07,2,3683,1347,1721,123,276,216,238,47.92,5,0,0
Delhi,Ring Road,2026-01-07,3,3529,1140,1703,90,250,346,239,46.25,9,0,0
Delhi,Ring Road,2026-01-07,4,4309,1630,1862,114,338,365,265,47.5,6,0,0
Delhi,Ring Road,2026-01-07,5,14478,4724,7216,457,950,1131,929,40.42,23,0,0
Delhi,Ring Road,2026-01-07,6,24544,7421,11132,653,1929,3409,1190,36.25,33,0,0
Delhi,Ring Road,2026-01-07,7,29623,9975,14217,1006,1344,3081,2015,26.67,56,0,0
Delhi,Ring Road,2026-01-07,8,21249,7140,10028,693,1353,2035,1202,33.33,40,0,0
Delhi,Ring Road,2026-01-07,9,26684,9533,12026,618,1819,2688,2290,33.33,40,0,0
Delhi,Ring Road,2026-01-07,10,15236,5159,6907,558,1061,1551,959,36.67,32,0,0
Delhi,Ring Road,2026-01-07,11,14665,4888,6790,456,976,1555,1079,40.42,23,0,0
Delhi,Ring Road,2026-01-07,12,12895,4774,5744,239,813,1325,968,42.08,19,0,0
Delhi,Ring Road,2026-01-07,13,10042,3378,4784,246,651,983,604,47.5,6,0,0
Delhi,Ring Road,2026-01-07,14,14353,5052,6675,332,929,1365,1008,38.33,28,0,0
Delhi,Ring Road,2026-01-07,15,11818,4108,5111,421,870,1308,745,38.75,27,0,0
Delhi,Ring Road,2026-01-07,16,13597,5301,5735,453,886,1222,916,39.58,25,0,0
Delhi,Ring Road,2026-01-07,17,25649,9467,10844,835,1698,2805,1415,30.83,46,0,0
Delhi,Ring Road,2026-01-07,18,30495,10550,14415,869,1921,2740,1905,31.25,45,0,0
Delhi,Ring Road,2026-01-07,19,25104,7842,11592,914,1825,2931,1427,30.42,47,0,0
Delhi,Ring Road,2026-01-07,20,11262,3980,5342,367,653,920,801,44.17,14,0,0
Delhi,Ring Road,2026-01-07,21,13680,5155,5616,327,1037,1545,787,39.17,26,0,0
Delhi,Ring Road,2026-01-07,22,3564,1244,1688,79,286,267,237,47.92,5,0,0
Delhi,Ring Road,2026-01-07,23,3738,1278,1657,127,276,400,249,47.92,5,0,0
Noida,DND Flyway,2026-01-01,0,3141,1020,1496,92,222,311,159,62.42,13,0,1
Noida,DND Flyway,2026-01-01,1,3255,1186,1321,118,238,392,201,63.58,11,0,1
Noida,DND Flyway,2026-01-01,2,2966,988,1343,84,185,366,121,62.42,13,0,1
Noida,DND Flyway,2026-01-01,3,3054,1122,1268,61,237,366,129,66.5,6,0,1
Noida,DND Flyway,2026-01-01,4,3555,1154,1577,136,325,363,191,61.83,14,0,1
Noida,DND Flyway,2026-01-01,5,9838,3736,4205,371,730,796,634,60.08,17,0,1
Noida,DND Flyway,2026-01-01,6,15203,5611,6512,485,1049,1546,733,50.17,34,0,1
Noida,DND Flyway,2026-01-01,7,14041,5055,6241,343,1045,1357,876,48.42,37,0,1
Noida,DND Flyway,2026-01-01,8,19033,6770,8671,540,1401,1651,752,45.5,42,0,1
Noida,DND Flyway,2026-01-01,9,21682,8023,9066,571,1544,2478,1020,42.58,47,0,1
Noida,DND Flyway,2026-01-01,10,10132,3661,4729,280,727,735,462,58.92,19,0,1
Noida,DND Flyway,2026-01-01,11,10468,3685,4686,343,833,921,402,60.67,16,0,1
Noida,DND Flyway,2026-01-01,12,10168,3466,4660,249,694,1099,536,59.5,18,0,1
Noida,DND Flyway,2026-01-01,13,10265,3824,4625,282,830,704,477,57.17,22,0,1
Noida,DND Flyway,2026-01-01,14,11038,3790,5581,263,726,678,555,59.5,18,0,1
Noida,DND Flyway,2026-01-01,15,11987,4205,5261,325,1060,1136,741,53.08,29,0,1
Noida,DND Flyway,2026-01-01,16,11424,4024,5127,226,747,1300,545,60.67,16,0,1
Noida,DND Flyway,2026-01-01,17,20748,7372,9535,565,1513,1763,726,47.83,38,0,1
Noida,DND Flyway,2026-01-01,18,24796,8214,10589,683,2134,3176,1545,40.83,50,0,1
Noida,DND Flyway,2026-01-01,19,21621,8760,8987,537,1603,1734,960,46.67,40,0,1
Noida,DND Flyway,2026-01-01,20,10012,3461,4501,355,612,1083,575,59.5,18,0,1
Noida,DND Flyway,2026-01-01,21,9870,3679,4230,296,618,1047,387,56.58,23,0,1
Noida,DND Flyway,2026-01-01,22,3022,990,1344,78,230,380,125,65.33,8,0,1
Noida,DND Flyway,2026-01-01,23,2159,790,978,58,137,196,111,67.08,5,0,1
Noida,DND Flyway,2026-01-02,0,2106,791,922,77,101,215,94,63.58,11,0,0
Noida,DND Flyway,2026-01-02,1,2747,957,1246,52,210,282,143,55.42,25,0,0
Noida,DND Flyway,2026-01-02,2,2160,712,1046,66,145,191,95,66.5,6,0,0
Noida,DND Flyway,2026-01-02,3,2357,776,1086,56,151,288,102,66.5,6,0,0
Noida,DND Flyway,2026-01-02,4,2628,915,1167,97,169,280,127,63.58,11,0,0
Noida,DND Flyway,2026-01-02,5,9870,3323,4561,287,685,1014,464,57.75,21,0,0
Noida,DND Flyway,2026-01-02,6,18840,6662,8495,491,1082,2110,1042,43.17,46,0,0
Noida,DND Flyway,2026-01-02,7,18698,5967,8790,556,1586,1799,980,47.83,38,0,0
Noida,DND Flyway,2026-01-02,8,20944,8038,9474,343,1553,1536,1262,42.58,47,0,0
Noida,DND Flyway,2026-01-02,9,21289,6643,10239,800,1639,1968,1205,47.83,38,0,0
Noida,DND Flyway,2026-01-02,10,9732,3360,4342,249,827,954,489,60.08,17,0,0
Noida,DND Flyway,2026-01-02,11,8440,2529,3960,256,487,1208,448,59.5,18,0,0
Noida,DND Flyway,2026-01-02,12,12439,4467,5178,378,886,1530,649,54.25,27,0,0
Noida,DND Flyway,2026-01-02,13,8656,2983,3628,262,506,1277,497,57.75,21,0,0
Noida,DND Flyway,2026-01-02,14,10893,3712,5124,351,838,868,560,57.75,21,0,0
Noida,DND Flyway,2026-01-02,15,8327,2959,3718,346,662,642,433,64.75,9,0,0
Noida,DND Flyway,2026-01-02,16,12204,4465,5606,471,735,927,545,52.5,30,0,0
Noida,DND Flyway,2026-01-02,17,17075,6334,6872,617,1544,1708,738,46.08,41,0,0
Noida,DND Flyway,2026-01-02,18,16195,5808,7157,526,1060,1644,455,52.5,30,0,0
Noida,DND Flyway,2026-01-02,19,22016,7947,9501,728,1504,2336,879,44.33,44,0,0
Noida,DND Flyway,2026-01-02,20,11591,4037,5522,378,937,717,684,57.17,22,0,0
Noida,DND Flyway,2026-01-02,21,11351,3604,5671,309,783,984,717,58.92,19,0,0
Noida,DND Flyway,2026-01-02,22,2688,875,1271,78,204,260,127,67.08,5,0,0
Noida,DND Flyway,2026-01-02,23,2357,880,1004,66,158,249,89,62.42,13,0,0
Noida,DND Flyway,2026-01-03,0,2656,826,1256,98,196,280,130,67.08,5,0,0
Noida,DND Flyway,2026-01-03,1,2966,914,1427,77,214,334,139,63.0,12,0,0
Noida,DND Flyway,2026-01-03,2,1986,610,939,70,143,224,80,64.17,10,0,0
Noida,DND Flyway,2026-01-03,3,2916,983,1328,93,179,333,177,63.58,11,0,0
Noida,DND Flyway,2026-01-03,4,2365,781,1157,83,187,157,94,67.08,5,0,0
Noida,DND Flyway,2026-01-03,5,9368,3531,4039,305,664,829,534,54.25,27,0,0
Noida,DND Flyway,2026-01-03,6,13428,4859,5750,376,914,1529,434,50.17,34,0,0
Noida,DND Flyway,2026-01-03,7,18303,6374,8031,547,967,2384,870,46.67,40,0,0
Noida,DND Flyway,2026-01-03,8,20215,7765,8941,611,1673,1225,986,47.25,39,0,0
Noida,DND Flyway,2026-01-03,9,19085,6467,9129,520,1355,1614,1067,48.42,37,0,0
Noida,DND Flyway,2026-01-03,10,6330,2149,2957,147,388,689,374,61.83,14,0,0
Noida,DND Flyway,2026-01-03,11,9013,3190,4400,252,555,616,426,58.92,19,0,0
Noida,DND Flyway,2026-01-03,12,9608,3204,4358,329,566,1151,378,60.67,16,0,0
Noida,DND Flyway,2026-01-03,13,8009,2929,3359,252,616,853,308,61.25,15,0,0
Noida,DND Flyway,2026-01-03,14,8810,2625,4095,288,660,1142,376,57.75,21,0,0
Noida,DND Flyway,2026-01-03,15,12381,4202,5966,285,1066,862,572,54.25,27,0,0
Noida,DND Flyway,2026-01-03,16,9936,3534,4585,361,599,857,424,56.0,24,0,0
Noida,DND Flyway,2026-01-03,17,25449,8998,10820,563,2023,3045,1335,34.42,61,0,0
Noida,DND Flyway,2026-01-03,18,18403,6219,8235,637,1128,2184,1065,46.08,41,0,0
Noida,DND Flyway,2026-01-03,19,23749,8045,10419,898,1928,2459,1031,47.25,39,0,0
Noida,DND Flyway,2026-01-03,20,10353,3210,5227,319,825,772,522,54.83,26,0,0
Noida,DND Flyway,2026-01-03,21,11899,3383,6046,398,770,1302,607,57.75,21,0,0
Noida,DND Flyway,2026-01-03,22,2663,989,1059,85,205,325,130,66.5,6,0,0
Noida,DND Flyway,2026-01-03,23,2318,876,974,85,154,229,94,64.17,10,0,0
Noida,DND Flyway,2026-01-04,0,2799,867,1361,75,194,302,129,67.08,5,0,0
Noida,DND Flyway,2026-01-04,1,2868,911,1332,104,231,290,136,65.33,8,0,0
Noida,DND Flyway,2026-01-04,2,2324,695,1097,84,132,316,102,67.08,5,0,0
Noida,DND Flyway,2026-01-04,3,2397,904,1016,40,191,246,92,67.08,5,0,0
Noida,DND Flyway,2026-01-04,4,3114,1059,1416,120,246,273,154,67.08,5,0,0
Noida,DND Flyway,2026-01-04,5,11003,3773,4968,328,903,1031,421,55.42,25,0,0
Noida,DND Flyway,2026-01-04,6,17824,6427,7950,608,1316,1523,1024,42.0,48,0,0
Noida,DND Flyway,2026-01-04,7,18572,5945,8282,613,1587,2145,853,49.58,35,0,0
Noida,DND Flyway,2026-01-04,8,15766,5550,6986,328,1263,1639,928,54.83,26,0,0
Noida,DND Flyway,2026-01-04,9,15170,5420,6614,579,1144,1413,599,48.42,37,0,0
Noida,DND Flyway,2026-01-04,10,8594,2789,4074,310,627,794,376,60.67,16,0,0
Noida,DND Flyway,2026-01-04,11,10220,3604,4908,317,768,623,550,60.67,16,0,0
Noida,DND Flyway,2026-01-04,12,8375,2694,3633,211,572,1265,346,59.5,18,0,0
Noida,DND Flyway,2026-01-04,13,10188,3385,4420,234,823,1326,337,60.67,16,0,0
Noida,DND Flyway,2026-01-04,14,9393,3337,3847,241,837,1131,446,56.0,24,0,0
Noida,DND Flyway,2026-01-04,15,11010,3693,4914,345,892,1166,381,59.5,18,0,0
Noida,DND Flyway,2026-01-04,16,9635,3634,3976,205,667,1153,629,59.5,18,0,0
Noida,DND Flyway,2026-01-04,17,24323,8867,11638,735,1853,1230,1370,40.25,51,0,0
Noida,DND Flyway,2026-01-04,18,22355,7072,10967,600,1928,1788,983,43.75,45,0,0
Noida,DND Flyway,2026-01-04,19,25285,8221,12052,722,1689,2601,1303,38.5,54,0,0
Noida,DND Flyway,2026-01-04,20,9349,3116,4199,322,649,1063,473,54.83,26,0,0
Noida,DND Flyway,2026-01-04,21,12626,5029,5376,414,911,896,490,54.25,27,0,0
Noida,DND Flyway,2026-01-04,22,2637,955,1164,102,208,208,125,67.08,5,0,0
Noida,DND Flyway,2026-01-04,23,2471,869,1133,61,178,230,61,61.25,15,0,0
Noida,DND Flyway,2026-01-05,0,3257,1099,1376,76,273,433,152,63.58,11,0,0
Noida,DND Flyway,2026-01-05,1,2940,1057,1283,96,205,299,138,67.08,5,0,0
Noida,DND Flyway,2026-01-05,2,2899,1049,1335,75,255,185,171,63.0,12,0,0
Noida,DND Flyway,2026-01-05,3,2776,1057,1159,93,187,280,167,64.75,9,0,0
Noida,DND Flyway,2026-01-05,4,2559,931,1100,79,205,244,132,61.25,15,0,0
Noida,DND Flyway,2026-01-05,5,11857,4124,5369,338,979,1047,574,56.0,24,0,0
Noida,DND Flyway,2026-01-05,6,14886,5563,6323,459,1160,1381,858,54.83,26,0,0
Noida,DND Flyway,2026-01-05,7,24301,9156,10027,817,1565,2736,1396,47.25,39,0,0
Noida,DND Flyway,2026-01-05,8,21376,7842,9165,932,1568,1869,987,38.5,54,0,0
Noida,DND Flyway,2026-01-05,9,15729,6231,6603,620,1088,1187,1039,46.67,40,0,0
Noida,DND Flyway,2026-01-05,10,11679,4048,4943,339,851,1498,619,59.5,18,0,0
Noida,DND Flyway,2026-01-05,11,12584,4548,5637,458,723,1218,557,59.5,18,0,0
Noida,DND Flyway,2026-01-05,12,11248,3223,5744,326,835,1120,528,60.67,16,0,0
Noida,DND Flyway,2026-01-05,13,11101,3400,5111,430,952,1208,530,53.67,28,0,0
Noida,DND Flyway,2026-01-05,14,11091,3666,5128,393,787,1117,416,56.0,24,0,0
Noida,DND Flyway,2026-01-05,15,9721,3168,4193,240,888,1232,583,61.83,14,0,0
Noida,DND Flyway,2026-01-05,16,10893,3813,4764,294,955,1067,606,55.42,25,0,0
Noida,DND Flyway,2026-01-05,17,26651,10237,10708,943,1591,3172,1327,38.5,54,0,0
Noida,DND Flyway,2026-01-05,18,18816,7503,7812,547,1419,1535,799,44.33,44,0,0
Noida,DND Flyway,2026-01-05,19,17498,6172,7693,537,1199,1897,928,46.67,40,0,0
Noida,DND Flyway,2026-01-05,20,9522,3584,4101,320,523,994,309,58.33,20,0,0
Noida,DND Flyway,2026-01-05,21,13260,4672,6061,486,785,1256,708,56.0,24,0,0
Noida,DND Flyway,2026-01-05,22,2799,976,1271,84,179,289,132,65.33,8,0,0
Noida,DND Flyway,2026-01-05,23,2707,928,1289,86,179,225,139,66.5,6,0,0
Noida,DND Flyway,2026-01-06,0,3151,1153,1391,104,237,266,156,65.33,8,0,0
Noida,DND Flyway,2026-01-06,1,2883,1094,1194,127,205,263,146,65.92,7,0,0
Noida,DND Flyway,2026-01-06,2,3291,1234,1367,109,227,354,183,63.58,11,0,0
Noida,DND Flyway,2026-01-06,3,2485,847,1156,74,172,236,144,67.08,5,0,0
Noida,DND Flyway,2026-01-06,4,2493,896,1105,91,192,209,170,66.5,6,0,0
Noida,DND Flyway,2026-01-06,5,12453,4345,5288,406,976,1438,662,56.0,24,0,0
Noida,DND Flyway,2026-01-06,6,14754,5180,6304,396,1105,1769,584,54.83,26,0,0
Noida,DND Flyway,2026-01-06,7,19820,6590,9054,725,1464,1987,714,50.17,34,0,0
Noida,DND Flyway,2026-01-06,8,20839,7591,7704,583,2044,2917,890,45.5,42,0,0
Noida,DND Flyway,2026-01-06,9,22569,6800,11327,476,1442,2524,1178,39.67,52,0,0
Noida,DND Flyway,2026-01-06,10,9246,3716,3763,256,493,1018,508,59.5,18,0,0
Noida,DND Flyway,2026-01-06,11,10206,3527,4634,242,654,1149,516,57.17,22,0,0
Noida,DND Flyway,2026-01-06,12,9510,2959,4621,321,876,733,410,57.75,21,0,0
Noida,DND Flyway,2026-01-06,13,12423,4099,5435,251,884,1754,598,55.42,25,0,0
Noida,DND Flyway,2026-01-06,14,11217,3719,5137,390,825,1146,445,53.08,29,0,0
Noida,DND Flyway,2026-01-06,15,11662,4486,5116,325,734,1001,406,54.83,26,0,0
Noida,DND Flyway,2026-01-06,16,8427,2717,3901,279,647,883,328,63.58,11,0,0
Noida,DND Flyway,2026-01-06,17,22043,7796,9401,555,1557,2734,1133,44.92,43,0,0
Noida,DND Flyway,2026-01-06,18,21523,7584,9588,614,1480,2257,860,47.25,39,0,0
Noida,DND Flyway,2026-01-06,19,17401,5945,7623,584,1158,2091,819,54.83,26,0,0
Noida,DND Flyway,2026-01-06,20,11649,3767,5581,378,723,1200,443,61.25,15,0,0
Noida,DND Flyway,2026-01-06,21,10303,3555,4693,253,694,1108,491,57.17,22,0,0
Noida,DND Flyway,2026-01-06,22,2649,814,1255,84,212,284,120,67.08,5,0,0
Noida,DND Flyway,2026-01-06,23,3238,1098,1394,96,282,368,125,67.08,5,0,0
Noida,DND Flyway,2026-01-07,0,2668,979,1106,60,222,301,148,67.08,5,0,0
Noida,DND Flyway,2026-01-07,1,2829,1012,1232,98,251,236,126,67.08,5,0,0
Noida,DND Flyway,2026-01-07,2,2398,808,1151,71,161,207,117,67.08,5,0,0
Noida,DND Flyway,2026-01-07,3,2751,973,1158,103,193,324,98,66.5,6,0,0
Noida,DND Flyway,2026-01-07,4,2500,859,1064,94,208,275,86,67.08,5,0,0
Noida,DND Flyway,2026-01-07,5,11191,3451,5332,299,812,1297,334,57.17,22,0,0
Noida,DND Flyway,2026-01-07,6,16112,5956,7638,529,996,993,762,47.83,38,0,0
Noida,DND Flyway,2026-01-07,7,23531,8307,10789,730,1475,2230,1464,44.33,44,0,0
Noida,DND Flyway,2026-01-07,8,24066,9249,10449,545,1800,2023,903,40.25,51,0,0
Noida,DND Flyway,2026-01-07,9,22602,7340,10218,711,1663,2670,1220,43.17,46,0,0
Noida,DND Flyway,2026-01-07,10,13205,4581,6161,296,909,1258,748,53.08,29,0,0
Noida,DND Flyway,2026-01-07,11,9272,3247,3992,330,692,1011,439,57.75,21,0,0
Noida,DND Flyway,2026-01-07,12,12420,4329,5228,333,941,1589,516,62.42,13,0,0
Noida,DND Flyway,2026-01-07,13,10266,3695,4818,324,678,751,555,60.08,17,0,0
Noida,DND Flyway,2026-01-07,14,13632,4575,6426,371,950,1310,783,53.08,29,0,0
Noida,DND Flyway,2026-01-07,15,9852,3257,4695,314,592,994,502,63.58,11,0,0
Noida,DND Flyway,2026-01-07,16,13412,4417,6386,320,960,1329,687,53.67,28,0,0
Noida,DND Flyway,2026-01-07,17,22148,7379,9920,498,1681,2670,1583,46.67,40,0,0
Noida,DND Flyway,2026-01-07,18,21489,8248,8719,613,2008,1901,731,45.5,42,0,0
Noida,DND Flyway,2026-01-07,19,15929,4915,8063,514,840,1597,992,50.17,34,0,0
Noida,DND Flyway,2026-01-07,20,9681,3393,4347,313,545,1083,255,60.08,17,0,0
Noida,DND Flyway,2026-01-07,21,10166,3541,4736,232,607,1050,490,59.5,18,0,0
Noida,DND Flyway,2026-01-07,22,2712,909,1280,80,249,194,91,64.75,9,0,0
Noida,DND Flyway,2026-01-07,23,2646,866,1168,76,228,308,140,67.08,5,0,0
Noida,Noida Expressway,2026-01-01,0,2812,1022,1145,109,236,300,130,67.08,5,0,1
Noida,Noida Expressway,2026-01-01,1,3345,1032,1619,108,272,314,178,58.33,20,0,1
Noida,Noida Expressway,2026-01-01,2,3224,1058,1490,100,241,335,127,66.5,6,0,1
Noida,Noida Expressway,2026-01-01,3,3837,1379,1687,105,282,384,155,65.33,8,0,1
Noida,Noida Expressway,2026-01-01,4,2876,1025,1243,91,168,349,149,67.08,5,0,1
Noida,Noida Expressway,2026-01-01,5,9981,3578,4737,325,705,636,467,60.67,16,0,1
Noida,Noida Expressway,2026-01-01,6,19318,7520,8059,384,1561,1794,1069,49.58,35,0,1
Noida,Noida Expressway,2026-01-01,7,25973,8526,11789,998,1852,2808,1470,45.5,42,0,1
Noida,Noida Expressway,2026-01-01,8,24481,8935,11162,784,1420,2180,1477,41.42,49,0,1
Noida,Noida Expressway,2026-01-01,9,22677,7676,10289,828,1530,2354,1284,48.42,37,0,1
Noida,Noida Expressway,2026-01-01,10,14530,6032,6110,425,1022,941,673,57.75,21,0,1
Noida,Noida Expressway,2026-01-01,11,11347,4268,5025,350,824,880,476,53.08,29,0,1
Noida,Noida Expressway,2026-01-01,12,11160,3546,5170,311,835,1298,513,59.5,18,0,1
Noida,Noida Expressway,2026-01-01,13,12157,4257,5200,339,861,1500,603,56.58,23,0,1
Noida,Noida Expressway,2026-01-01,14,10008,3884,3985,317,696,1126,467,56.0,24,0,1
Noida,Noida Expressway,2026-01-01,15,12367,4687,5278,357,929,1116,533,56.58,23,0,1
Noida,Noida Expressway,2026-01-01,16,12259,4156,5644,253,798,1408,559,57.75,21,0,1
Noida,Noida Expressway,2026-01-01,17,26465,8858,12502,852,1900,2353,1244,40.25,51,0,1
Noida,Noida Expressway,2026-01-01,18,23638,9065,10294,634,1632,2013,998,46.67,40,0,1
Noida,Noida Expressway,2026-01-01,19,22305,8747,9585,550,1369,2054,1172,45.5,42,0,1
Noida,Noida Expressway,2026-01-01,20,14127,4722,6399,467,1374,1165,333,53.67,28,0,1
Noida,Noida Expressway,2026-01-01,21,12598,4381,5705,344,972,1196,655,65.33,8,0,1
Noida,Noida Expressway,2026-01-01,22,2927,1082,1315,86,246,198,145,65.33,8,0,1
Noida,Noida Expressway,2026-01-01,23,3992,1466,1775,86,188,477,194,62.42,13,0,1
Noida,Noida Expressway,2026-01-02,0,2726,1028,1179,81,184,254,98,63.58,11,0,0
Noida,Noida Expressway,2026-01-02,1,3024,945,1451,75,263,290,179,67.08,5,0,0
Noida,Noida Expressway,2026-01-02,2,2544,861,1235,87,182,179,129,61.25,15,0,0
Noida,Noida Expressway,2026-01-02,3,3457,1306,1532,106,246,267,177,63.58,11,0,0
Noida,Noida Expressway,2026-01-02,4,2937,981,1392,72,226,266,160,67.08,5,0,0
Noida,Noida Expressway,2026-01-02,5,12152,4270,5532,238,700,1412,575,58.92,19,0,0
Noida,Noida Expressway,2026-01-02,6,15026,4934,7121,503,1092,1376,715,53.08,29,0,0
Noida,Noida Expressway,2026-01-02,7,28586,11104,11678,1006,1795,3003,1263,39.08,53,0,0
Noida,Noida Expressway,2026-01-02,8,26985,9737,12481,742,1470,2555,1601,46.08,41,0,0
Noida,Noida Expressway,2026-01-02,9,19955,6812,9647,553,1398,1545,827,46.67,40,0,0
Noida,Noida Expressway,2026-01-02,10,10320,3692,4483,375,759,1011,494,64.17,10,0,0
Noida,Noida Expressway,2026-01-02,11,12967,4312,5893,447,750,1565,628,57.17,22,0,0
Noida,Noida Expressway,2026-01-02,12,12212,4535,5240,289,732,1416,528,54.83,26,0,0
Noida,Noida Expressway,2026-01-02,13,14737,5383,6364,352,1127,1511,760,56.58,23,0,0
Noida,Noida Expressway,2026-01-02,14,9801,2926,4724,289,807,1055,608,56.58,23,0,0
Noida,Noida Expressway,2026-01-02,15,11281,4050,5238,257,704,1032,368,58.33,20,0,0
Noida,Noida Expressway,2026-01-02,16,11875,4473,4939,415,893,1155,620,55.42,25,0,0
Noida,Noida Expressway,2026-01-02,17,24537,8573,10175,861,1532,3396,1026,43.75,45,0,0
Noida,Noida Expressway,2026-01-02,18,21754,6865,10530,629,1362,2368,1217,44.92,43,0,0
Noida,Noida Expressway,2026-01-02,19,16930,5671,8079,413,1131,1636,733,51.33,32,0,0
Noida,Noida Expressway,2026-01-02,20,11347,3841,5105,266,833,1302,583,56.0,24,0,0
Noida,Noida Expressway,2026-01-02,21,12717,4898,5666,303,796,1054,748,53.67,28,0,0
Noida,Noida Expressway,2026-01-02,22,3455,1093,1628,107,232,395,160,67.08,5,0,0
Noida,Noida Expressway,2026-01-02,23,3475,1213,1751,109,218,184,184,64.75,9,0,0
Noida,Noida Expressway,2026-01-03,0,3030,1128,1301,63,278,260,176,64.17,10,0,0
Noida,Noida Expressway,2026-01-03,1,2620,980,1131,70,193,246,89,67.08,5,0,0
Noida,Noida Expressway,2026-01-03,2,3017,1030,1339,103,253,292,134,65.33,8,0,0
Noida,Noida Expressway,2026-01-03,3,2460,909,1132,83,126,210,105,67.08,5,0,0
Noida,Noida Expressway,2026-01-03,4,3108,997,1472,82,242,315,179,65.92,7,0,0
Noida,Noida Expressway,2026-01-03,5,9486,2981,4028,327,804,1346,480,56.58,23,0,0
Noida,Noida Expressway,2026-01-03,6,15033,5635,6232,482,1067,1617,750,50.17,34,0,0
Noida,Noida Expressway,2026-01-03,7,23759,8455,10504,734,1473,2593,873,42.0,48,0,0
Noida,Noida Expressway,2026-01-03,8,17616,5996,8470,605,1287,1258,929,53.08,29,0,0
Noida,Noida Expressway,2026-01-03,9,22738,8294,10315,578,1469,2082,1276,40.83,50,0,0
Noida,Noida Expressway,2026-01-03,10,9951,3066,5191,259,650,785,365,58.33,20,0,0
Noida,Noida Expressway,2026-01-03,11,10733,3831,4768,324,791,1019,414,55.42,25,0,0
Noida,Noida Expressway,2026-01-03,12,10237,3657,4477,270,699,1134,516,61.83,14,0,0
Noida,Noida Expressway,2026-01-03,13,10371,3465,4579,383,777,1167,371,57.17,22,0,0
Noida,Noida Expressway,2026-01-03,14,10946,3963,4838,388,837,920,593,60.67,16,0,0
Noida,Noida Expressway,2026-01-03,15,11302,3818,4901,376,663,1544,364,60.08,17,0,0
Noida,Noida Expressway,2026-01-03,16,11505,3938,5306,337,841,1083,683,55.42,25,0,0
Noida,Noida Expressway,2026-01-03,17,28758,10367,12556,850,1788,3197,1252,37.33,56,0,0
Noida,Noida Expressway,2026-01-03,18,22687,7171,11131,690,1729,1966,1254,49.58,35,0,0
Noida,Noida Expressway,2026-01-03,19,30567,10386,14086,891,2442,2762,1285,37.92,55,0,0
Noida,Noida Expressway,2026-01-03,20,11563,3759,5697,386,814,907,567,55.42,25,0,0
Noida,Noida Expressway,2026-01-03,21,13160,4794,6119,436,824,987,588,55.42,25,0,0
Noida,Noida Expressway,2026-01-03,22,3131,1142,1257,101,220,411,154,63.0,12,0,0
Noida,Noida Expressway,2026-01-03,23,2861,1070,1281,98,158,254,133,65.92,7,0,0
Noida,Noida Expressway,2026-01-04,0,3179,1153,1391,65,276,294,154,67.08,5,0,0
Noida,Noida Expressway,2026-01-04,1,3341,1237,1292,104,232,476,129,64.17,10,0,0
Noida,Noida Expressway,2026-01-04,2,3064,978,1446,78,240,322,108,67.08,5,0,0
Noida,Noida Expressway,2026-01-04,3,3073,1043,1504,49,238,239,101,67.08,5,0,0
Noida,Noida Expressway,2026-01-04,4,3224,1061,1404,114,236,409,114,67.08,5,0,0
Noida,Noida Expressway,2026-01-04,5,8880,3036,3928,294,625,997,467,54.25,27,0,0
Noida,Noida Expressway,2026-01-04,6,15545,5644,6661,410,1340,1490,669,54.83,26,0,0
Noida,Noida Expressway,2026-01-04,7,22337,7566,10185,877,1405,2304,1181,51.33,32,0,0
Noida,Noida Expressway,2026-01-04,8,21748,8010,8944,538,1645,2611,1163,46.08,41,0,0
Noida,Noida Expressway,2026-01-04,9,19992,7678,8429,516,1162,2207,838,51.92,31,0,0
Noida,Noida Expressway,2026-01-04,10,9106,3151,3949,283,721,1002,412,61.25,15,0,0
Noida,Noida Expressway,2026-01-04,11,11690,4133,5702,323,702,830,656,56.0,24,0,0
Noida,Noida Expressway,2026-01-04,12,11779,4422,5030,311,897,1119,510,56.0,24,0,0
Noida,Noida Expressway,2026-01-04,13,11558,3841,5021,325,1023,1348,596,57.75,21,0,0
Noida,Noida Expressway,2026-01-04,14,12347,4556,6047,370,899,475,659,58.33,20,0,0
Noida,Noida Expressway,2026-01-04,15,13122,4280,6135,405,811,1491,655,53.67,28,0,0
Noida,Noida Expressway,2026-01-04,16,9971,3149,4595,341,766,1120,465,58.33,20,0,0
Noida,Noida Expressway,2026-01-04,17,31042,11179,13934,776,1935,3218,1784,37.92,55,0,0
Noida,Noida Expressway,2026-01-04,18,25293,8585,11255,809,1415,3229,1058,40.83,50,0,0
Noida,Noida Expressway,2026-01-04,19,22063,7874,9999,679,1278,2233,861,47.25,39,0,0
Noida,Noida Expressway,2026-01-04,20,15128,5166,6985,370,1127,1480,447,51.92,31,0,0
Noida,Noida Expressway,2026-01-04,21,13425,4275,6552,190,981,1427,467,58.92,19,0,0
Noida,Noida Expressway,2026-01-04,22,3909,1476,1749,106,195,383,185,67.08,5,0,0
Noida,Noida Expressway,2026-01-04,23,2897,1039,1378,71,225,184,95,64.75,9,0,0
Noida,Noida Expressway,2026-01-05,0,3463,1162,1690,100,254,257,150,64.75,9,0,0
Noida,Noida Expressway,2026-01-05,1,3823,1438,1687,79,295,324,197,67.08,5,0,0
Noida,Noida Expressway,2026-01-05,2,3781,1415,1625,110,262,369,157,66.5,6,0,0
Noida,Noida Expressway,2026-01-05,3,3239,1140,1478,110,256,255,180,67.08,5,0,0
Noida,Noida Expressway,2026-01-05,4,3495,1086,1739,113,242,315,208,67.08,5,0,0
Noida,Noida Expressway,2026-01-05,5,11055,3923,4787,310,864,1171,333,60.08,17,0,0
Noida,Noida Expressway,2026-01-05,6,16742,4747,8127,748,1318,1802,925,45.5,42,0,0
Noida,Noida Expressway,2026-01-05,7,25235,8839,11950,732,1629,2085,1105,47.25,39,0,0
Noida,Noida Expressway,2026-01-05,8,22640,8513,9560,714,1710,2143,1640,42.0,48,0,0
Noida,Noida Expressway,2026-01-05,9,19436,6587,9073,495,1124,2157,833,46.67,40,0,0
Noida,Noida Expressway,2026-01-05,10,13699,4379,6631,437,1030,1222,576,50.75,33,0,0
Noida,Noida Expressway,2026-01-05,11,12575,4174,6018,307,825,1251,503,56.58,23,0,0
Noida,Noida Expressway,2026-01-05,12,9760,3743,4210,334,668,805,395,60.67,16,0,0
Noida,Noida Expressway,2026-01-05,13,13187,4448,6343,322,965,1109,592,52.5,30,0,0
Noida,Noida Expressway,2026-01-05,14,13454,4322,6303,430,1117,1282,781,51.92,31,0,0
Noida,Noida Expressway,2026-01-05,15,14684,5250,6557,529,1063,1285,655,53.67,28,0,0
Noida,Noida Expressway,2026-01-05,16,10344,3753,4368,187,836,1200,450,57.75,21,0,0
Noida,Noida Expressway,2026-01-05,17,23673,8466,10862,513,1693,2139,1176,47.25,39,0,0
Noida,Noida Expressway,2026-01-05,18,28628,9318,13678,663,1880,3089,1435,36.17,58,0,0
Noida,Noida Expressway,2026-01-05,19,25908,8868,11808,568,1677,2987,1230,40.83,50,0,0
Noida,Noida Expressway,2026-01-05,20,11772,4266,5162,389,781,1174,477,54.25,27,0,0
Noida,Noida Expressway,2026-01-05,21,11807,4506,5619,337,682,663,458,61.83,14,0,0
Noida,Noida Expressway,2026-01-05,22,3803,1362,1708,71,219,443,193,66.5,6,0,0
Noida,Noida Expressway,2026-01-05,23,3485,1095,1592,97,229,472,105,64.75,9,0,0
Noida,Noida Expressway,2026-01-06,0,3220,997,1410,90,233,490,164,67.08,5,0,0
Noida,Noida Expressway,2026-01-06,1,3097,1005,1481,96,262,253,175,65.33,8,0,0
Noida,Noida Expressway,2026-01-06,2,2976,1136,1272,96,200,272,146,67.08,5,0,0
Noida,Noida Expressway,2026-01-06,3,2440,822,1185,74,161,198,117,67.08,5,0,0
Noida,Noida Expressway,2026-01-06,4,4156,1406,1820,123,365,442,154,62.42,13,0,0
Noida,Noida Expressway,2026-01-06,5,13313,4676,5867,528,1156,1086,804,54.83,26,0,0
Noida,Noida Expressway,2026-01-06,6,19027,6767,7833,509,1536,2382,573,50.17,34,0,0
Noida,Noida Expressway,2026-01-06,7,25923,9488,11339,810,1873,2413,996,45.5,42,0,0
Noida,Noida Expressway,2026-01-06,8,24793,8471,11037,683,1640,2962,1105,47.83,38,0,0
Noida,Noida Expressway,2026-01-06,9,24887,8661,10954,939,1722,2611,946,44.33,44,0,0
Noida,Noida Expressway,2026-01-06,10,13136,4767,5401,408,943,1617,644,51.92,31,0,0
Noida,Noida Expressway,2026-01-06,11,10781,3595,4630,251,811,1494,492,57.17,22,0,0
Noida,Noida Expressway,2026-01-06,12,12364,3883,5634,348,737,1762,560,58.33,20,0,0
Noida,Noida Expressway,2026-01-06,13,13545,4595,5850,426,1128,1546,653,55.42,25,0,0
Noida,Noida Expressway,2026-01-06,14,12827,4236,6054,401,787,1349,568,49.0,36,0,0
Noida,Noida Expressway,2026-01-06,15,12182,4384,5168,413,1099,1118,422,54.83,26,0,0
Noida,Noida Expressway,2026-01-06,16,10213,3596,4590,312,808,907,469,59.5,18,0,0
Noida,Noida Expressway,2026-01-06,17,24090,8465,10560,798,1724,2543,840,44.33,44,0,0
Noida,Noida Expressway,2026-01-06,18,25025,8216,11776,666,1604,2763,1406,44.92,43,0,0
Noida,Noida Expressway,2026-01-06,19,26243,8971,11755,750,2007,2760,1715,44.92,43,0,0
Noida,Noida Expressway,2026-01-06,20,13002,4138,5546,383,912,2023,563,59.5,18,0,0
Noida,Noida Expressway,2026-01-06,21,12642,4561,5093,395,1024,1569,531,57.17,22,0,0
Noida,Noida Expressway,2026-01-06,22,2964,1127,1305,74,207,251,159,61.83,14,0,0
Noida,Noida Expressway,2026-01-06,23,2755,1021,1163,89,213,269,127,66.5,6,0,0
Noida,Noida Expressway,2026-01-07,0,3671,1300,1502,119,233,517,150,66.5,6,0,0
Noida,Noida Expressway,2026-01-07,1,3481,1105,1621,104,301,350,140,63.58,11,0,0
Noida,Noida Expressway,2026-01-07,2,3134,1075,1318,103,285,353,171,67.08,5,0,0
Noida,Noida Expressway,2026-01-07,3,2862,1005,1286,70,194,307,146,65.92,7,0,0
Noida,Noida Expressway,2026-01-07,4,3379,1152,1497,83,302,345,153,67.08,5,0,0
Noida,Noida Expressway,2026-01-07,5,16553,5682,7041,541,1281,2008,993,51.33,32,0,0
Noida,Noida Expressway,2026-01-07,6,15677,5511,6785,619,859,1903,760,50.75,33,0,0
Noida,Noida Expressway,2026-01-07,7,22568,8324,9491,743,1781,2229,962,50.75,33,0,0
Noida,Noida Expressway,2026-01-07,8,25094,8509,12265,724,1732,1864,1077,46.67,40,0,0
Noida,Noida Expressway,2026-01-07,9,21719,6988,9926,931,1915,1959,1061,45.5,42,0,0
Noida,Noida Expressway,2026-01-07,10,13989,5319,5913,379,787,1591,819,47.83,38,0,0
Noida,Noida Expressway,2026-01-07,11,10477,3638,5073,365,596,805,455,58.92,19,0,0
Noida,Noida Expressway,2026-01-07,12,11298,3991,4923,346,903,1135,426,54.25,27,0,0
Noida,Noida Expressway,2026-01-07,13,11351,4321,5192,351,599,888,697,58.33,20,0,0
Noida,Noida Expressway,2026-01-07,14,12356,4421,5635,374,809,1117,690,55.42,25,0,0
Noida,Noida Expressway,2026-01-07,15,11861,4117,5739,306,742,957,565,54.25,27,0,0
Noida,Noida Expressway,2026-01-07,16,11057,3784,5220,329,629,1095,523,56.58,23,0,0
Noida,Noida Expressway,2026-01-07,17,24298,9300,10066,755,1750,2427,1062,43.75,45,0,0
Noida,Noida Expressway,2026-01-07,18,25014,8730,10397,751,1897,3239,1000,44.92,43,0,0
Noida,Noida Expressway,2026-01-07,19,22209,7796,9779,777,1365,2492,755,47.83,38,0,0
Noida,Noida Expressway,2026-01-07,20,11756,3971,5813,221,581,1170,647,56.58,23,0,0
Noida,Noida Expressway,2026-01-07,21,12485,4215,6123,435,678,1034,433,57.75,21,0,0
Noida,Noida Expressway,2026-01-07,22,3246,1179,1519,85,228,235,199,67.08,5,0,0
Noida,Noida Expressway,2026-01-07,23,3072,968,1541,75,183,305,161,64.75,9,0,0
Noida,Sector 51 Metro (node),2026-01-01,0,2010,796,827,59,139,189,83,39.0,16,0,1
Noida,Sector 51 Metro (node),2026-01-01,1,1691,676,780,39,98,98,77,42.38,7,0,1
Noida,Sector 51 Metro (node),2026-01-01,2,1556,487,719,54,115,181,50,42.38,7,0,1
Noida,Sector 51 Metro (node),2026-01-01,3,1316,484,579,40,81,132,47,41.25,10,0,1
Noida,Sector 51 Metro (node),2026-01-01,4,1499,489,707,40,91,172,63,41.62,9,0,1
Noida,Sector 51 Metro (node),2026-01-01,5,5495,2046,2401,148,432,468,308,37.12,21,0,1
Noida,Sector 51 Metro (node),2026-01-01,6,8268,3116,3863,246,512,531,371,34.12,29,0,1
Noida,Sector 51 Metro (node),2026-01-01,7,10891,3918,4647,285,734,1307,543,29.25,42,0,1
Noida,Sector 51 Metro (node),2026-01-01,8,9975,3386,4498,285,809,997,367,27.38,47,0,1
Noida,Sector 51 Metro (node),2026-01-01,9,11166,4000,4844,363,1034,925,617,26.25,50,0,1
Noida,Sector 51 Metro (node),2026-01-01,10,5325,1746,2419,159,381,620,295,38.62,17,0,1
Noida,Sector 51 Metro (node),2026-01-01,11,4400,1565,1961,136,291,447,265,37.88,19,0,1
Noida,Sector 51 Metro (node),2026-01-01,12,5502,1925,2428,213,380,556,240,35.25,26,0,1
Noida,Sector 51 Metro (node),2026-01-01,13,7115,2490,3274,213,326,812,354,34.12,29,0,1
Noida,Sector 51 Metro (node),2026-01-01,14,5268,1746,2267,181,342,732,258,39.75,14,0,1
Noida,Sector 51 Metro (node),2026-01-01,15,5671,1714,2596,229,465,667,266,39.38,15,0,1
Noida,Sector 51 Metro (node),2026-01-01,16,5426,1771,2642,96,377,540,271,36.0,24,0,1
Noida,Sector 51 Metro (node),2026-01-01,17,11989,4391,5209,255,854,1280,457,30.38,39,0,1
Noida,Sector 51 Metro (node),2026-01-01,18,10139,3859,4456,279,636,909,592,30.38,39,0,1
Noida,Sector 51 Metro (node),2026-01-01,19,10897,4038,4640,273,864,1082,507,24.38,55,0,1
Noida,Sector 51 Metro (node),2026-01-01,20,5031,1563,2194,174,434,666,271,38.25,18,0,1
Noida,Sector 51 Metro (node),2026-01-01,21,5508,2188,2128,172,346,674,217,36.38,23,0,1
Noida,Sector 51 Metro (node),2026-01-01,22,1504,508,684,33,103,176,71,41.62,9,0,1
Noida,Sector 51 Metro (node),2026-01-01,23,1343,446,604,45,95,153,74,42.0,8,0,1
Noida,Sector 51 Metro (node),2026-01-02,0,1585,580,697,45,110,153,64,43.12,5,0,0
Noida,Sector 51 Metro (node),2026-01-02,1,1412,435,641,42,125,169,82,42.38,7,0,0
Noida,Sector 51 Metro (node),2026-01-02,2,1751,586,759,29,145,232,73,43.12,5,0,0
Noida,Sector 51 Metro (node),2026-01-02,3,1397,518,623,29,100,127,70,42.38,7,0,0
Noida,Sector 51 Metro (node),2026-01-02,4,1501,514,668,52,111,156,56,43.12,5,0,0
Noida,Sector 51 Metro (node),2026-01-02,5,6382,2265,2763,238,492,624,276,40.5,12,0,0
Noida,Sector 51 Metro (node),2026-01-02,6,8276,3111,3786,251,574,554,349,32.25,34,0,0
Noida,Sector 51 Metro (node),2026-01-02,7,12966,4615,5734,446,794,1377,544,24.75,54,0,0
Noida,Sector 51 Metro (node),2026-01-02,8,10947,3612,5076,371,1005,883,492,28.87,43,0,0
Noida,Sector 51 Metro (node),2026-01-02,9,11766,3553,5807,493,1040,873,505,25.12,53,0,0
Noida,Sector 51 Metro (node),2026-01-02,10,6761,2231,3095,197,445,793,273,36.75,22,0,0
Noida,Sector 51 Metro (node),2026-01-02,11,6458,2483,2847,169,441,518,320,38.62,17,0,0
Noida,Sector 51 Metro (node),2026-01-02,12,5422,2030,2227,184,288,693,362,37.12,21,0,0
Noida,Sector 51 Metro (node),2026-01-02,13,5316,1537,2647,149,355,628,266,38.25,18,0,0
Noida,Sector 51 Metro (node),2026-01-02,14,5102,1765,2428,167,355,387,304,38.62,17,0,0
Noida,Sector 51 Metro (node),2026-01-02,15,4884,1771,2239,107,369,398,309,37.12,21,0,0
Noida,Sector 51 Metro (node),2026-01-02,16,5483,1955,2410,186,393,539,264,38.25,18,0,0
Noida,Sector 51 Metro (node),2026-01-02,17,10677,4055,4143,337,666,1476,499,31.5,36,0,0
Noida,Sector 51 Metro (node),2026-01-02,18,12281,4353,5557,335,896,1140,650,30.75,38,0,0
Noida,Sector 51 Metro (node),2026-01-02,19,10557,3463,5312,286,694,802,333,30.0,40,0,0
Noida,Sector 51 Metro (node),2026-01-02,20,5854,2022,2623,177,469,563,252,37.12,21,0,0
Noida,Sector 51 Metro (node),2026-01-02,21,6160,2025,3010,186,449,490,303,39.0,16,0,0
Noida,Sector 51 Metro (node),2026-01-02,22,1209,417,569,38,86,99,59,43.12,5,0,0
Noida,Sector 51 Metro (node),2026-01-02,23,1792,651,774,47,143,177,78,40.88,11,0,0
Noida,Sector 51 Metro (node),2026-01-03,0,1387,457,663,33,101,133,74,43.12,5,0,0
Noida,Sector 51 Metro (node),2026-01-03,1,1415,577,570,41,109,118,72,43.12,5,0,0
Noida,Sector 51 Metro (node),2026-01-03,2,1457,528,662,50,87,130,77,39.0,16,0,0
Noida,Sector 51 Metro (node),2026-01-03,3,1359,467,630,54,71,137,48,43.12,5,0,0
Noida,Sector 51 Metro (node),2026-01-03,4,1432,479,637,41,142,133,73,43.12,5,0,0
Noida,Sector 51 Metro (node),2026-01-03,5,5367,1805,2367,209,437,549,154,37.88,19,0,0
Noida,Sector 51 Metro (node),2026-01-03,6,10070,3787,4379,368,714,822,291,29.25,42,0,0
Noida,Sector 51 Metro (node),2026-01-03,7,8730,2806,4089,257,632,946,337,30.0,40,0,0
Noida,Sector 51 Metro (node),2026-01-03,8,8984,3193,3682,278,659,1172,396,32.25,34,0,0
Noida,Sector 51 Metro (node),2026-01-03,9,8396,2876,3839,226,412,1043,320,34.12,29,0,0
Noida,Sector 51 Metro (node),2026-01-03,10,5406,1823,2474,116,461,532,384,39.0,16,0,0
Noida,Sector 51 Metro (node),2026-01-03,11,4611,1690,2049,131,360,381,173,41.62,9,0,0
Noida,Sector 51 Metro (node),2026-01-03,12,3800,1284,1636,101,310,469,165,43.12,5,0,0
Noida,Sector 51 Metro (node),2026-01-03,13,4833,1690,2210,136,325,472,209,37.88,19,0,0
Noida,Sector 51 Metro (node),2026-01-03,14,5409,2105,2292,136,292,584,228,36.75,22,0,0
Noida,Sector 51 Metro (node),2026-01-03,15,3688,1272,1690,77,190,459,156,41.25,10,0,0
Noida,Sector 51 Metro (node),2026-01-03,16,3774,1375,1761,135,224,279,202,37.88,19,0,0
Noida,Sector 51 Metro (node),2026-01-03,17,9940,3533,4854,357,697,499,490,28.5,44,0,0
Noida,Sector 51 Metro (node),2026-01-03,18,10935,3897,4956,175,980,927,576,29.25,42,0,0
Noida,Sector 51 Metro (node),2026-01-03,19,14099,4979,6709,371,1132,908,777,26.62,49,0,0
Noida,Sector 51 Metro (node),2026-01-03,20,7288,2719,3349,224,386,610,405,34.12,29,0,0
Noida,Sector 51 Metro (node),2026-01-03,21,7233,2486,3579,202,550,416,465,33.75,30,0,0
Noida,Sector 51 Metro (node),2026-01-03,22,1585,612,636,65,90,182,75,43.12,5,0,0
Noida,Sector 51 Metro (node),2026-01-03,23,1464,503,720,54,81,106,75,43.12,5,0,0
Noida,Sector 51 Metro (node),2026-01-04,0,1263,438,568,41,82,134,56,39.38,15,0,0
Noida,Sector 51 Metro (node),2026-01-04,1,1248,408,597,27,97,119,69,41.25,10,0,0
Noida,Sector 51 Metro (node),2026-01-04,2,1437,559,637,44,113,84,77,43.12,5,0,0
Noida,Sector 51 Metro (node),2026-01-04,3,1657,563,739,51,95,209,104,42.0,8,0,0
Noida,Sector 51 Metro (node),2026-01-04,4,1647,562,746,52,128,159,86,42.38,7,0,0
Noida,Sector 51 Metro (node),2026-01-04,5,4562,1666,2063,137,361,335,241,40.88,11,0,0
Noida,Sector 51 Metro (node),2026-01-04,6,6586,2197,2943,186,463,797,292,38.62,17,0,0
Noida,Sector 51 Metro (node),2026-01-04,7,11002,3834,4678,355,793,1342,551,30.75,38,0,0
Noida,Sector 51 Metro (node),2026-01-04,8,12206,4149,5473,418,870,1296,817,27.75,46,0,0
Noida,Sector 51 Metro (node),2026-01-04,9,9308,3569,4235,210,470,824,341,32.25,34,0,0
Noida,Sector 51 Metro (node),2026-01-04,10,5496,1865,2569,184,477,401,302,35.62,25,0,0
Noida,Sector 51 Metro (node),2026-01-04,11,5777,2198,2570,149,376,484,286,33.75,30,0,0
Noida,Sector 51 Metro (node),2026-01-04,12,4347,1645,1783,148,279,492,217,36.0,24,0,0
Noida,Sector 51 Metro (node),2026-01-04,13,5230,1990,2229,153,327,531,238,33.0,32,0,0
Noida,Sector 51 Metro (node),2026-01-04,14,5296,1772,2410,194,429,491,275,40.12,13,0,0
Noida,Sector 51 Metro (node),2026-01-04,15,5298,2064,2384,134,294,422,207,34.88,27,0,0
Noida,Sector 51 Metro (node),2026-01-04,16,6147,2287,2719,181,408,552,285,39.0,16,0,0
Noida,Sector 51 Metro (node),2026-01-04,17,12638,4694,5657,384,862,1041,629,25.12,53,0,0
Noida,Sector 51 Metro (node),2026-01-04,18,10568,3755,4761,278,674,1100,414,28.87,43,0,0
Noida,Sector 51 Metro (node),2026-01-04,19,10933,4220,4840,258,757,858,638,31.5,36,0,0
Noida,Sector 51 Metro (node),2026-01-04,20,6702,2415,2977,175,550,585,353,36.0,24,0,0
Noida,Sector 51 Metro (node),2026-01-04,21,6250,2081,2891,198,543,537,357,33.38,31,0,0
Noida,Sector 51 Metro (node),2026-01-04,22,1248,456,516,35,113,128,51,43.12,5,0,0
Noida,Sector 51 Metro (node),2026-01-04,23,1562,558,688,55,104,157,75,41.62,9,0,0
Noida,Sector 51 Metro (node),2026-01-05,0,1644,588,741,47,92,176,105,43.12,5,0,0
Noida,Sector 51 Metro (node),2026-01-05,1,1394,530,604,46,98,116,69,43.12,5,0,0
Noida,Sector 51 Metro (node),2026-01-05,2,1562,496,756,35,136,139,89,43.12,5,0,0
Noida,Sector 51 Metro (node),2026-01-05,3,1506,509,729,48,104,116,78,43.12,5,0,0
Noida,Sector 51 Metro (node),2026-01-05,4,1508,588,612,51,118,139,51,39.38,15,0,0
Noida,Sector 51 Metro (node),2026-01-05,5,5719,2030,2394,201,391,703,313,39.0,16,0,0
Noida,Sector 51 Metro (node),2026-01-05,6,7764,2260,4028,246,469,761,358,34.5,28,0,0
Noida,Sector 51 Metro (node),2026-01-05,7,10040,3947,3931,371,550,1241,441,30.38,39,0,0
Noida,Sector 51 Metro (node),2026-01-05,8,10671,4134,4687,334,711,805,450,32.62,33,0,0
Noida,Sector 51 Metro (node),2026-01-05,9,10767,3780,4576,407,906,1098,494,25.87,51,0,0
Noida,Sector 51 Metro (node),2026-01-05,10,6121,1990,2851,207,507,566,305,36.75,22,0,0
Noida,Sector 51 Metro (node),2026-01-05,11,5633,2106,2302,214,391,620,231,36.38,23,0,0
Noida,Sector 51 Metro (node),2026-01-05,12,5610,2144,2319,190,352,605,292,35.62,25,0,0
Noida,Sector 51 Metro (node),2026-01-05,13,4589,1464,2111,124,424,466,201,42.75,6,0,0
Noida,Sector 51 Metro (node),2026-01-05,14,6720,2245,2875,199,591,810,299,34.88,27,0,0
Noida,Sector 51 Metro (node),2026-01-05,15,5345,1826,2355,181,413,570,236,36.0,24,0,0
Noida,Sector 51 Metro (node),2026-01-05,16,5696,2002,2474,180,469,571,214,36.75,22,0,0
Noida,Sector 51 Metro (node),2026-01-05,17,11288,4179,5042,388,709,970,457,27.38,47,0,0
Noida,Sector 51 Metro (node),2026-01-05,18,13073,4461,5734,486,977,1415,490,24.75,54,0,0
Noida,Sector 51 Metro (node),2026-01-05,19,9895,3646,4466,291,728,764,564,28.5,44,0,0
Noida,Sector 51 Metro (node),2026-01-05,20,4414,1424,2097,150,303,440,205,36.38,23,0,0
Noida,Sector 51 Metro (node),2026-01-05,21,4902,1759,2150,154,428,411,272,38.25,18,0,0
Noida,Sector 51 Metro (node),2026-01-05,22,1764,621,825,67,119,132,79,41.62,9,0,0
Noida,Sector 51 Metro (node),2026-01-05,23,1794,681,792,41,115,165,87,42.38,7,0,0
Noida,Sector 51 Metro (node),2026-01-06,0,1664,602,742,51,103,166,79,43.12,5,0,0
Noida,Sector 51 Metro (node),2026-01-06,1,1542,536,719,58,93,136,110,43.12,5,0,0
Noida,Sector 51 Metro (node),2026-01-06,2,1287,390,640,39,124,94,41,43.12,5,0,0
Noida,Sector 51 Metro (node),2026-01-06,3,1701,531,768,53,133,216,75,43.12,5,0,0
Noida,Sector 51 Metro (node),2026-01-06,4,1385,467,596,40,111,171,62,41.25,10,0,0
Noida,Sector 51 Metro (node),2026-01-06,5,6008,2219,2658,179,533,419,267,36.75,22,0,0
Noida,Sector 51 Metro (node),2026-01-06,6,8893,2948,4119,193,662,971,287,32.25,34,0,0
Noida,Sector 51 Metro (node),2026-01-06,7,8701,3013,4013,318,664,693,483,35.25,26,0,0
Noida,Sector 51 Metro (node),2026-01-06,8,11179,3793,4762,364,842,1418,506,28.12,45,0,0
Noida,Sector 51 Metro (node),2026-01-06,9,10188,3675,4609,299,526,1079,527,31.5,36,0,0
Noida,Sector 51 Metro (node),2026-01-06,10,4871,1725,2338,136,277,395,297,37.88,19,0,0
Noida,Sector 51 Metro (node),2026-01-06,11,5380,1747,2497,201,448,487,228,42.38,7,0,0
Noida,Sector 51 Metro (node),2026-01-06,12,4736,1778,2058,142,284,474,250,37.12,21,0,0
Noida,Sector 51 Metro (node),2026-01-06,13,4446,1445,2090,162,365,384,185,39.38,15,0,0
Noida,Sector 51 Metro (node),2026-01-06,14,4202,1461,1966,149,252,374,154,40.88,11,0,0
Noida,Sector 51 Metro (node),2026-01-06,15,4943,1659,2420,154,334,376,238,36.75,22,0,0
Noida,Sector 51 Metro (node),2026-01-06,16,4924,1617,2363,137,375,432,240,38.62,17,0,0
Noida,Sector 51 Metro (node),2026-01-06,17,11309,3841,4927,431,1046,1064,505,28.12,45,0,0
Noida,Sector 51 Metro (node),2026-01-06,18,12062,4030,4850,353,960,1869,513,30.0,40,0,0
Noida,Sector 51 Metro (node),2026-01-06,19,11673,3886,5386,280,875,1246,461,27.38,47,0,0
Noida,Sector 51 Metro (node),2026-01-06,20,6448,2201,3070,178,520,479,339,38.25,18,0,0
Noida,Sector 51 Metro (node),2026-01-06,21,6497,2403,2739,201,358,796,388,34.12,29,0,0
Noida,Sector 51 Metro (node),2026-01-06,22,1396,489,608,37,120,142,36,42.38,7,0,0
Noida,Sector 51 Metro (node),2026-01-06,23,1472,495,654,50,119,154,65,43.12,5,0,0
Noida,Sector 51 Metro (node),2026-01-07,0,1540,546,633,48,127,186,63,41.25,10,0,0
Noida,Sector 51 Metro (node),2026-01-07,1,1361,479,675,36,104,67,49,43.12,5,0,0
Noida,Sector 51 Metro (node),2026-01-07,2,1552,493,715,42,120,182,72,40.88,11,0,0
Noida,Sector 51 Metro (node),2026-01-07,3,1610,559,700,38,113,200,84,40.12,13,0,0
Noida,Sector 51 Metro (node),2026-01-07,4,1481,483,688,52,98,160,88,43.12,5,0,0
Noida,Sector 51 Metro (node),2026-01-07,5,5911,1966,2777,133,520,515,292,34.5,28,0,0
Noida,Sector 51 Metro (node),2026-01-07,6,7831,2886,3387,170,542,846,359,36.75,22,0,0
Noida,Sector 51 Metro (node),2026-01-07,7,12809,4833,5574,353,753,1296,602,28.5,44,0,0
Noida,Sector 51 Metro (node),2026-01-07,8,12648,4072,5959,506,897,1214,425,23.25,58,0,0
Noida,Sector 51 Metro (node),2026-01-07,9,9089,3441,4120,293,633,602,392,31.5,36,0,0
Noida,Sector 51 Metro (node),2026-01-07,10,5216,1818,2238,171,283,706,274,37.5,20,0,0
Noida,Sector 51 Metro (node),2026-01-07,11,6513,1985,3370,187,299,672,341,35.62,25,0,0
Noida,Sector 51 Metro (node),2026-01-07,12,5307,1997,2148,206,354,602,184,36.38,23,0,0
Noida,Sector 51 Metro (node),2026-01-07,13,5488,1931,2521,165,436,435,249,37.12,21,0,0
Noida,Sector 51 Metro (node),2026-01-07,14,5000,1543,2397,127,286,647,258,39.75,14,0,0
Noida,Sector 51 Metro (node),2026-01-07,15,6524,2308,2942,182,403,689,286,32.25,34,0,0
Noida,Sector 51 Metro (node),2026-01-07,16,4883,1628,2329,148,368,410,272,43.12,5,0,0
Noida,Sector 51 Metro (node),2026-01-07,17,10174,3340,4515,309,790,1220,490,31.5,36,0,0
Noida,Sector 51 Metro (node),2026-01-07,18,11629,4319,5183,387,803,937,508,29.25,42,0,0
Noida,Sector 51 Metro (node),2026-01-07,19,10715,3856,4754,309,728,1068,472,31.12,37,0,0
Noida,Sector 51 Metro (node),2026-01-07,20,4546,1661,1957,121,308,499,236,40.5,12,0,0
Noida,Sector 51 Metro (node),2026-01-07,21,6449,2029,3105,166,526,623,194,38.25,18,0,0
Noida,Sector 51 Metro (node),2026-01-07,22,1490,523,643,47,131,146,82,40.5,12,0,0
Noida,Sector 51 Metro (node),2026-01-07,23,1800,545,859,61,151,184,109,40.88,11,0,0
Ghaziabad,NH-24 (GT Road),2026-01-01,0,2871,985,1321,48,178,339,74,43.12,5,0,1
Ghaziabad,NH-24 (GT Road),2026-01-01,1,2352,866,1089,55,155,187,90,42.38,7,0,1
Ghaziabad,NH-24 (GT Road),2026-01-01,2,2951,1210,1271,69,146,255,60,43.12,5,0,1
Ghaziabad,NH-24 (GT Road),2026-01-01,3,2365,811,1065,82,164,243,92,43.12,5,0,1
Ghaziabad,NH-24 (GT Road),2026-01-01,4,2602,796,1257,49,200,300,124,42.75,6,0,1
Ghaziabad,NH-24 (GT Road),2026-01-01,5,11072,3980,4925,425,541,1201,546,35.25,26,0,1
Ghaziabad,NH-24 (GT Road),2026-01-01,6,17712,6613,8169,572,906,1452,429,28.87,43,0,1
Ghaziabad,NH-24 (GT Road),2026-01-01,7,20785,7447,9137,580,1630,1991,673,28.12,45,0,1
Ghaziabad,NH-24 (GT Road),2026-01-01,8,20362,7618,8785,489,1185,2285,642,28.87,43,0,1
Ghaziabad,NH-24 (GT Road),2026-01-01,9,20825,6958,8733,748,1727,2659,583,25.5,52,0,1
Ghaziabad,NH-24 (GT Road),2026-01-01,10,8931,2775,4198,381,609,968,215,36.38,23,0,1
Ghaziabad,NH-24 (GT Road),2026-01-01,11,9626,3815,4316,240,647,608,209,36.75,22,0,1
Ghaziabad,NH-24 (GT Road),2026-01-01,12,7703,2671,3095,208,686,1043,181,37.88,19,0,1
Ghaziabad,NH-24 (GT Road),2026-01-01,13,10985,3617,5122,355,809,1082,388,37.5,20,0,1
Ghaziabad,NH-24 (GT Road),2026-01-01,14,8687,3196,4006,213,701,571,246,38.25,18,0,1
Ghaziabad,NH-24 (GT Road),2026-01-01,15,9310,3540,3775,224,823,948,299,36.38,23,0,1
Ghaziabad,NH-24 (GT Road),2026-01-01,16,13142,4627,6145,384,1028,958,433,31.12,37,0,1
Ghaziabad,NH-24 (GT Road),2026-01-01,17,19842,6539,8704,680,1218,2701,904,28.12,45,0,1
Ghaziabad,NH-24 (GT Road),2026-01-01,18,19460,7247,9104,492,1225,1392,721,27.75,46,0,1
Ghaziabad,NH-24 (GT Road),2026-01-01,19,16332,5423,7644,447,1323,1495,483,34.5,28,0,1
Ghaziabad,NH-24 (GT Road),2026-01-01,20,10306,3518,4810,311,770,897,210,33.0,32,0,1
Ghaziabad,NH-24 (GT Road),2026-01-01,21,9315,3401,3998,426,515,975,244,38.25,18,0,1
Ghaziabad,NH-24 (GT Road),2026-01-01,22,2456,885,1056,57,202,256,86,43.12,5,0,1
Ghaziabad,NH-24 (GT Road),2026-01-01,23,2570,856,1247,77,167,223,40,40.5,12,0,1
Ghaziabad,NH-24 (GT Road),2026-01-02,0,2466,856,1086,53,132,339,112,43.12,5,0,0
Ghaziabad,NH-24 (GT Road),2026-01-02,1,2772,1066,1266,78,146,216,94,43.12,5,0,0
Ghaziabad,NH-24 (GT Road),2026-01-02,2,2666,916,1171,96,203,280,102,42.0,8,0,0
Ghaziabad,NH-24 (GT Road),2026-01-02,3,3154,1083,1402,75,211,383,132,40.88,11,0,0
Ghaziabad,NH-24 (GT Road),2026-01-02,4,2109,627,1026,73,141,242,44,41.25,10,0,0
Ghaziabad,NH-24 (GT Road),2026-01-02,5,8307,2718,3651,180,602,1156,425,37.88,19,0,0
Ghaziabad,NH-24 (GT Road),2026-01-02,6,16766,5924,7417,459,1168,1798,456,31.12,37,0,0
Ghaziabad,NH-24 (GT Road),2026-01-02,7,18685,5741,8572,537,1609,2226,766,29.62,41,0,0
Ghaziabad,NH-24 (GT Road),2026-01-02,8,19541,7179,8685,366,1028,2283,591,30.0,40,0,0
Ghaziabad,NH-24 (GT Road),2026-01-02,9,15984,5179,7289,680,1174,1662,572,30.0,40,0,0
Ghaziabad,NH-24 (GT Road),2026-01-02,10,11224,3683,5365,317,864,995,361,34.88,27,0,0
Ghaziabad,NH-24 (GT Road),2026-01-02,11,11029,4140,4421,321,859,1288,480,33.38,31,0,0
Ghaziabad,NH-24 (GT Road),2026-01-02,12,11708,3905,5370,328,857,1248,342,34.5,28,0,0
Ghaziabad,NH-24 (GT Road),2026-01-02,13,10038,3897,4254,303,907,677,281,36.75,22,0,0
Ghaziabad,NH-24 (GT Road),2026-01-02,14,11455,4073,5237,276,662,1207,245,36.75,22,0,0
Ghaziabad,NH-24 (GT Road),2026-01-02,15,10687,4296,4537,390,586,878,151,37.88,19,0,0
Ghaziabad,NH-24 (GT Road),2026-01-02,16,11007,4042,4862,249,866,988,357,36.0,24,0,0
Ghaziabad,NH-24 (GT Road),2026-01-02,17,16514,6177,6769,521,1312,1735,536,34.5,28,0,0
Ghaziabad,NH-24 (GT Road),2026-01-02,18,18856,7078,7781,579,1479,1939,489,29.25,42,0,0
Ghaziabad,NH-24 (GT Road),2026-01-02,19,20040,7264,9054,622,1847,1253,849,30.0,40,0,0
Ghaziabad,NH-24 (GT Road),2026-01-02,20,8419,2814,3673,274,590,1068,296,38.25,18,0,0
Ghaziabad,NH-24 (GT Road),2026-01-02,21,10494,3550,5297,291,727,629,366,40.12,13,0,0
Ghaziabad,NH-24 (GT Road),2026-01-02,22,2705,882,1251,101,146,325,100,43.12,5,0,0
Ghaziabad,NH-24 (GT Road),2026-01-02,23,3563,1201,1663,85,252,362,117,42.75,6,0,0
Ghaziabad,NH-24 (GT Road),2026-01-03,0,2602,832,1250,83,132,305,63,42.75,6,0,0
Ghaziabad,NH-24 (GT Road),2026-01-03,1,2800,1057,1167,77,242,257,70,41.62,9,0,0
Ghaziabad,NH-24 (GT Road),2026-01-03,2,2293,823,1042,73,205,150,75,42.0,8,0,0
Ghaziabad,NH-24 (GT Road),2026-01-03,3,2475,824,1160,69,180,242,72,42.0,8,0,0
Ghaziabad,NH-24 (GT Road),2026-01-03,4,2230,786,1015,86,89,254,73,43.12,5,0,0
Ghaziabad,NH-24 (GT Road),2026-01-03,5,9410,3400,4293,155,774,788,361,36.0,24,0,0
Ghaziabad,NH-24 (GT Road),2026-01-03,6,11905,4053,5627,235,978,1012,304,36.0,24,0,0
Ghaziabad,NH-24 (GT Road),2026-01-03,7,17487,6419,7853,408,1096,1711,842,30.75,38,0,0
Ghaziabad,NH-24 (GT Road),2026-01-03,8,19139,6448,8671,553,1313,2154,813,28.5,44,0,0
Ghaziabad,NH-24 (GT Road),2026-01-03,9,19347,6868,8566,537,1488,1888,730,30.75,38,0,0
Ghaziabad,NH-24 (GT Road),2026-01-03,10,9120,2837,4635,400,662,586,311,37.5,20,0,0
Ghaziabad,NH-24 (GT Road),2026-01-03,11,8984,3168,4081,268,634,833,419,40.5,12,0,0
Ghaziabad,NH-24 (GT Road),2026-01-03,12,9224,3427,4136,236,481,944,324,34.5,28,0,0
Ghaziabad,NH-24 (GT Road),2026-01-03,13,7689,2990,3442,200,405,652,258,37.88,19,0,0
Ghaziabad,NH-24 (GT Road),2026-01-03,14,8428,2750,4315,185,704,474,268,32.25,34,0,0
Ghaziabad,NH-24 (GT Road),2026-01-03,15,9059,3222,3852,275,662,1048,209,34.5,28,0,0
Ghaziabad,NH-24 (GT Road),2026-01-03,16,9339,3055,4352,336,622,974,227,39.38,15,0,0
Ghaziabad,NH-24 (GT Road),2026-01-03,17,23206,7905,10642,653,1876,2130,720,25.87,51,0,0
Ghaziabad,NH-24 (GT Road),2026-01-03,18,16504,5990,6751,438,1340,1985,601,28.12,45,0,0
Ghaziabad,NH-24 (GT Road),2026-01-03,19,21222,6822,9633,867,1843,2057,722,24.75,54,0,0
Ghaziabad,NH-24 (GT Road),2026-01-03,20,10893,4131,4724,334,789,915,202,35.62,25,0,0
Ghaziabad,NH-24 (GT Road),2026-01-03,21,12292,4733,5336,319,716,1188,394,33.38,31,0,0
Ghaziabad,NH-24 (GT Road),2026-01-03,22,2196,823,988,60,166,159,92,41.25,10,0,0
Ghaziabad,NH-24 (GT Road),2026-01-03,23,2670,791,1361,81,193,244,89,43.12,5,0,0
Ghaziabad,NH-24 (GT Road),2026-01-04,0,2181,766,975,83,148,209,62,42.75,6,0,0
Ghaziabad,NH-24 (GT Road),2026-01-04,1,2553,1060,999,104,166,224,73,43.12,5,0,0
Ghaziabad,NH-24 (GT Road),2026-01-04,2,2485,844,1045,101,162,333,82,43.12,5,0,0
Ghaziabad,NH-24 (GT Road),2026-01-04,3,2603,873,1159,81,194,296,105,42.38,7,0,0
Ghaziabad,NH-24 (GT Road),2026-01-04,4,2020,784,779,60,168,229,66,42.75,6,0,0
Ghaziabad,NH-24 (GT Road),2026-01-04,5,9032,3310,3756,340,604,1022,343,39.38,15,0,0
Ghaziabad,NH-24 (GT Road),2026-01-04,6,12585,4275,5512,310,801,1687,302,34.5,28,0,0
Ghaziabad,NH-24 (GT Road),2026-01-04,7,15913,5750,7168,507,1079,1409,363,28.12,45,0,0
Ghaziabad,NH-24 (GT Road),2026-01-04,8,15390,5468,6730,390,1151,1651,699,33.0,32,0,0
Ghaziabad,NH-24 (GT Road),2026-01-04,9,14322,5375,6560,457,997,933,534,29.62,41,0,0
Ghaziabad,NH-24 (GT Road),2026-01-04,10,9576,3334,4252,290,720,980,280,38.62,17,0,0
Ghaziabad,NH-24 (GT Road),2026-01-04,11,8801,2931,3954,272,640,1004,364,37.5,20,0,0
Ghaziabad,NH-24 (GT Road),2026-01-04,12,7649,2691,3368,159,643,788,265,36.38,23,0,0
Ghaziabad,NH-24 (GT Road),2026-01-04,13,8385,2799,3772,235,503,1076,238,36.75,22,0,0
Ghaziabad,NH-24 (GT Road),2026-01-04,14,7032,2500,3180,200,444,708,357,42.75,6,0,0
Ghaziabad,NH-24 (GT Road),2026-01-04,15,9923,3588,4340,295,675,1025,227,34.88,27,0,0
Ghaziabad,NH-24 (GT Road),2026-01-04,16,7119,2493,3416,177,528,505,239,42.0,8,0,0
Ghaziabad,NH-24 (GT Road),2026-01-04,17,22624,8002,10042,748,1481,2351,449,25.12,53,0,0
Ghaziabad,NH-24 (GT Road),2026-01-04,18,25978,8310,12574,800,1230,3064,997,24.38,55,0,0
Ghaziabad,NH-24 (GT Road),2026-01-04,19,24618,8355,10992,804,1475,2992,570,26.62,49,0,0
Ghaziabad,NH-24 (GT Road),2026-01-04,20,9877,3305,4713,232,637,990,226,39.0,16,0,0
Ghaziabad,NH-24 (GT Road),2026-01-04,21,13897,4871,6072,403,942,1609,541,34.12,29,0,0
Ghaziabad,NH-24 (GT Road),2026-01-04,22,2061,697,981,78,96,209,99,43.12,5,0,0
Ghaziabad,NH-24 (GT Road),2026-01-04,23,2354,805,1108,69,161,211,100,42.38,7,0,0
Ghaziabad,NH-24 (GT Road),2026-01-05,0,2769,941,1305,72,176,275,66,43.12,5,0,0
Ghaziabad,NH-24 (GT Road),2026-01-05,1,2521,673,1296,73,220,259,94,42.75,6,0,0
Ghaziabad,NH-24 (GT Road),2026-01-05,2,2472,960,1032,70,167,243,114,38.62,17,0,0
Ghaziabad,NH-24 (GT Road),2026-01-05,3,2758,899,1245,92,251,271,35,41.62,9,0,0
Ghaziabad,NH-24 (GT Road),2026-01-05,4,3006,1132,1282,103,221,268,121,43.12,5,0,0
Ghaziabad,NH-24 (GT Road),2026-01-05,5,8284,3307,3313,282,604,778,230,40.12,13,0,0
Ghaziabad,NH-24 (GT Road),2026-01-05,6,14018,5007,5900,434,1162,1515,523,30.75,38,0,0
Ghaziabad,NH-24 (GT Road),2026-01-05,7,21206,7072,9368,507,1562,2697,714,24.0,56,0,0
Ghaziabad,NH-24 (GT Road),2026-01-05,8,15371,5745,6352,479,1271,1524,379,32.62,33,0,0
Ghaziabad,NH-24 (GT Road),2026-01-05,9,15355,6009,6595,545,1167,1039,459,34.5,28,0,0
Ghaziabad,NH-24 (GT Road),2026-01-05,10,11502,3751,5111,356,752,1532,289,38.25,18,0,0
Ghaziabad,NH-24 (GT Road),2026-01-05,11,7476,2490,3356,171,612,847,232,36.38,23,0,0
Ghaziabad,NH-24 (GT Road),2026-01-05,12,10881,3631,4843,388,842,1177,267,34.88,27,0,0
Ghaziabad,NH-24 (GT Road),2026-01-05,13,9166,3605,4096,245,497,723,385,37.12,21,0,0
Ghaziabad,NH-24 (GT Road),2026-01-05,14,9925,3679,4387,260,737,862,250,38.25,18,0,0
Ghaziabad,NH-24 (GT Road),2026-01-05,15,9626,3539,4445,115,614,913,440,39.0,16,0,0
Ghaziabad,NH-24 (GT Road),2026-01-05,16,10277,3227,5140,332,644,934,267,37.88,19,0,0
Ghaziabad,NH-24 (GT Road),2026-01-05,17,25854,9408,11674,797,1325,2650,1069,25.12,53,0,0
Ghaziabad,NH-24 (GT Road),2026-01-05,18,21746,8348,9698,575,1215,1910,981,30.38,39,0,0
Ghaziabad,NH-24 (GT Road),2026-01-05,19,14650,4994,6714,445,1178,1319,249,29.25,42,0,0
Ghaziabad,NH-24 (GT Road),2026-01-05,20,8873,3371,3680,247,610,965,358,38.25,18,0,0
Ghaziabad,NH-24 (GT Road),2026-01-05,21,11919,4575,4737,317,1028,1262,310,34.12,29,0,0
Ghaziabad,NH-24 (GT Road),2026-01-05,22,2976,964,1418,83,211,300,113,43.12,5,0,0
Ghaziabad,NH-24 (GT Road),2026-01-05,23,2796,1022,1389,83,214,88,80,43.12,5,0,0
Ghaziabad,NH-24 (GT Road),2026-01-06,0,2860,978,1212,107,227,336,77,41.62,9,0,0
Ghaziabad,NH-24 (GT Road),2026-01-06,1,2613,932,1143,70,219,249,96,40.12,13,0,0
Ghaziabad,NH-24 (GT Road),2026-01-06,2,3021,1141,1280,108,248,244,81,40.88,11,0,0
Ghaziabad,NH-24 (GT Road),2026-01-06,3,2443,958,1063,72,151,199,88,43.12,5,0,0
Ghaziabad,NH-24 (GT Road),2026-01-06,4,2608,949,1123,81,153,302,77,43.12,5,0,0
Ghaziabad,NH-24 (GT Road),2026-01-06,5,9871,3383,4699,286,823,680,219,40.12,13,0,0
Ghaziabad,NH-24 (GT Road),2026-01-06,6,15447,5838,6703,460,972,1474,516,35.25,26,0,0
Ghaziabad,NH-24 (GT Road),2026-01-06,7,24936,8632,11280,801,1868,2355,671,23.25,58,0,0
Ghaziabad,NH-24 (GT Road),2026-01-06,8,19687,7326,7945,587,1443,2386,614,28.12,45,0,0
Ghaziabad,NH-24 (GT Road),2026-01-06,9,20646,7136,8691,622,1227,2970,410,30.38,39,0,0
Ghaziabad,NH-24 (GT Road),2026-01-06,10,11671,3697,5459,383,981,1151,604,38.62,17,0,0
Ghaziabad,NH-24 (GT Road),2026-01-06,11,10920,3856,4965,297,687,1115,425,34.88,27,0,0
Ghaziabad,NH-24 (GT Road),2026-01-06,12,11338,3993,4881,294,770,1400,365,30.75,38,0,0
Ghaziabad,NH-24 (GT Road),2026-01-06,13,10314,3558,4552,270,699,1235,334,37.88,19,0,0
Ghaziabad,NH-24 (GT Road),2026-01-06,14,8960,3237,4012,331,520,860,300,41.25,10,0,0
Ghaziabad,NH-24 (GT Road),2026-01-06,15,9072,3134,4129,298,657,854,322,34.5,28,0,0
Ghaziabad,NH-24 (GT Road),2026-01-06,16,12062,4652,4969,369,906,1166,396,34.88,27,0,0
Ghaziabad,NH-24 (GT Road),2026-01-06,17,18136,6203,7799,575,1401,2158,491,29.62,41,0,0
Ghaziabad,NH-24 (GT Road),2026-01-06,18,21739,7488,10428,621,1546,1656,682,25.5,52,0,0
Ghaziabad,NH-24 (GT Road),2026-01-06,19,20989,7485,9277,543,1617,2067,624,28.12,45,0,0
Ghaziabad,NH-24 (GT Road),2026-01-06,20,10003,3524,4161,267,819,1232,239,36.75,22,0,0
Ghaziabad,NH-24 (GT Road),2026-01-06,21,9293,3584,3848,249,643,969,223,39.0,16,0,0
Ghaziabad,NH-24 (GT Road),2026-01-06,22,2299,665,1065,82,228,259,45,43.12,5,0,0
Ghaziabad,NH-24 (GT Road),2026-01-06,23,2539,952,1063,86,148,290,111,39.38,15,0,0
Ghaziabad,NH-24 (GT Road),2026-01-07,0,3612,1486,1446,97,219,364,100,41.25,10,0,0
Ghaziabad,NH-24 (GT Road),2026-01-07,1,2261,843,961,64,155,238,93,43.12,5,0,0
Ghaziabad,NH-24 (GT Road),2026-01-07,2,2876,1053,1310,105,172,236,49,43.12,5,0,0
Ghaziabad,NH-24 (GT Road),2026-01-07,3,3118,1054,1518,94,188,264,113,43.12,5,0,0
Ghaziabad,NH-24 (GT Road),2026-01-07,4,3048,1051,1335,85,232,345,103,41.62,9,0,0
Ghaziabad,NH-24 (GT Road),2026-01-07,5,9824,3358,4607,297,664,898,264,36.0,24,0,0
Ghaziabad,NH-24 (GT Road),2026-01-07,6,17109,5276,8196,616,1129,1892,417,30.75,38,0,0
Ghaziabad,NH-24 (GT Road),2026-01-07,7,19525,7148,7870,713,1325,2469,572,27.38,47,0,0
Ghaziabad,NH-24 (GT Road),2026-01-07,8,13807,4947,6547,358,630,1325,294,32.62,33,0,0
Ghaziabad,NH-24 (GT Road),2026-01-07,9,19745,7431,8170,659,1545,1940,403,27.0,48,0,0
Ghaziabad,NH-24 (GT Road),2026-01-07,10,9752,3620,3785,375,645,1327,303,37.88,19,0,0
Ghaziabad,NH-24 (GT Road),2026-01-07,11,9318,2999,4584,309,592,834,381,38.25,18,0,0
Ghaziabad,NH-24 (GT Road),2026-01-07,12,9591,3572,4345,298,570,806,323,36.38,23,0,0
Ghaziabad,NH-24 (GT Road),2026-01-07,13,8884,3144,4206,191,541,802,289,34.12,29,0,0
Ghaziabad,NH-24 (GT Road),2026-01-07,14,10368,3718,4428,294,764,1164,424,36.38,23,0,0
Ghaziabad,NH-24 (GT Road),2026-01-07,15,12062,3951,5736,493,881,1001,548,31.12,37,0,0
Ghaziabad,NH-24 (GT Road),2026-01-07,16,10040,3436,4334,335,825,1110,319,34.12,29,0,0
Ghaziabad,NH-24 (GT Road),2026-01-07,17,18757,6264,8825,590,1264,1814,547,27.0,48,0,0
Ghaziabad,NH-24 (GT Road),2026-01-07,18,17774,7271,7520,613,811,1559,324,32.25,34,0,0
Ghaziabad,NH-24 (GT Road),2026-01-07,19,12149,4049,5718,389,689,1304,350,32.25,34,0,0
Ghaziabad,NH-24 (GT Road),2026-01-07,20,11786,4091,5695,480,655,865,383,31.12,37,0,0
Ghaziabad,NH-24 (GT Road),2026-01-07,21,9834,3074,4455,348,797,1160,254,38.25,18,0,0
Ghaziabad,NH-24 (GT Road),2026-01-07,22,2272,759,1082,58,157,216,64,42.38,7,0,0
Ghaziabad,NH-24 (GT Road),2026-01-07,23,2715,969,1203,68,194,281,54,40.88,11,0,0
Gurugram,NH-48,2026-01-01,0,3778,2053,966,133,270,356,240,65.33,8,0,1
Gurugram,NH-48,2026-01-01,1,3911,1914,1023,135,302,537,216,63.0,12,0,1
Gurugram,NH-48,2026-01-01,2,3871,1971,1110,138,226,426,155,67.08,5,0,1
Gurugram,NH-48,2026-01-01,3,4447,2311,1182,169,340,445,246,58.92,19,0,1
Gurugram,NH-48,2026-01-01,4,4809,2598,1384,156,233,438,260,67.08,5,0,1
Gurugram,NH-48,2026-01-01,5,13641,7295,3077,499,1186,1584,626,64.75,9,0,1
Gurugram,NH-48,2026-01-01,6,18334,9709,4608,599,1228,2190,969,54.83,26,0,1
Gurugram,NH-48,2026-01-01,7,33613,18074,7983,1055,2351,4150,2053,44.92,43,0,1
Gurugram,NH-48,2026-01-01,8,28922,14370,7469,962,2128,3993,1195,46.67,40,0,1
Gurugram,NH-48,2026-01-01,9,26344,13300,7720,935,1876,2513,1167,49.58,35,0,1
Gurugram,NH-48,2026-01-01,10,17901,9594,4613,709,1343,1642,1061,57.17,22,0,1
Gurugram,NH-48,2026-01-01,11,14880,8476,3527,451,1153,1273,893,60.08,17,0,1
Gurugram,NH-48,2026-01-01,12,15569,7891,4031,450,788,2409,1043,55.42,25,0,1
Gurugram,NH-48,2026-01-01,13,14409,7537,3860,566,1132,1314,744,54.83,26,0,1
Gurugram,NH-48,2026-01-01,14,18880,10117,5430,556,727,2050,1088,54.25,27,0,1
Gurugram,NH-48,2026-01-01,15,15944,8501,3676,546,1264,1957,926,58.33,20,0,1
Gurugram,NH-48,2026-01-01,16,15706,7841,3924,545,1191,2205,1083,57.17,22,0,1
Gurugram,NH-48,2026-01-01,17,16524,8490,4821,456,1159,1598,1013,61.25,15,0,1
Gurugram,NH-48,2026-01-01,18,26662,14537,7199,931,1741,2254,1411,47.25,39,0,1
Gurugram,NH-48,2026-01-01,19,36082,19812,8394,937,2147,4792,2128,39.08,53,0,1
Gurugram,NH-48,2026-01-01,20,17591,9012,4449,757,1250,2123,943,61.25,15,0,1
Gurugram,NH-48,2026-01-01,21,11954,6597,2958,421,982,996,823,63.0,12,0,1
Gurugram,NH-48,2026-01-01,22,4332,2337,1180,173,297,345,247,67.08,5,0,1
Gurugram,NH-48,2026-01-01,23,5935,3193,1725,162,335,520,350,61.25,15,0,1
Gurugram,NH-48,2026-01-02,0,4792,2409,1251,154,318,660,249,66.5,6,0,0
Gurugram,NH-48,2026-01-02,1,3100,1671,783,78,199,369,136,64.75,9,0,0
Gurugram,NH-48,2026-01-02,2,3955,1940,1008,133,393,481,181,63.58,11,0,0
Gurugram,NH-48,2026-01-02,3,4063,2139,1132,62,245,485,234,67.08,5,0,0
Gurugram,NH-48,2026-01-02,4,3902,1996,851,165,313,577,224,64.17,10,0,0
Gurugram,NH-48,2026-01-02,5,19593,10069,5245,716,1722,1841,961,53.67,28,0,0
Gurugram,NH-48,2026-01-02,6,25551,12685,7378,1097,1764,2627,1223,41.42,49,0,0
Gurugram,NH-48,2026-01-02,7,30427,16368,7251,1053,2120,3635,1458,46.67,40,0,0
Gurugram,NH-48,2026-01-02,8,22434,12192,4917,840,1554,2931,1170,52.5,30,0,0
Gurugram,NH-48,2026-01-02,9,29769,15264,7655,1105,2211,3534,1841,44.33,44,0,0
Gurugram,NH-48,2026-01-02,10,13997,7616,3366,440,1070,1505,1052,62.42,13,0,0
Gurugram,NH-48,2026-01-02,11,12058,6022,3163,389,935,1549,505,61.83,14,0,0
Gurugram,NH-48,2026-01-02,12,16654,9260,4344,569,1136,1345,876,58.33,20,0,0
Gurugram,NH-48,2026-01-02,13,17086,8465,4692,512,1449,1968,996,54.83,26,0,0
Gurugram,NH-48,2026-01-02,14,18931,10363,5405,539,1538,1086,1075,55.42,25,0,0
Gurugram,NH-48,2026-01-02,15,13246,7204,3180,428,976,1458,736,55.42,25,0,0
Gurugram,NH-48,2026-01-02,16,16074,9380,3774,544,1096,1280,973,57.17,22,0,0
Gurugram,NH-48,2026-01-02,17,36410,18491,9465,1343,3086,4025,2146,40.25,51,0,0
Gurugram,NH-48,2026-01-02,18,31483,17058,8987,959,2746,1733,2358,49.0,36,0,0
Gurugram,NH-48,2026-01-02,19,28319,14860,7472,1050,1782,3155,1434,46.08,41,0,0
Gurugram,NH-48,2026-01-02,20,15717,7961,4147,452,1200,1957,775,60.08,17,0,0
Gurugram,NH-48,2026-01-02,21,17006,9484,4505,460,943,1614,872,56.58,23,0,0
Gurugram,NH-48,2026-01-02,22,3902,1992,1074,125,290,421,214,65.33,8,0,0
Gurugram,NH-48,2026-01-02,23,3820,1984,1119,94,289,334,238,60.67,16,0,0
Gurugram,NH-48,2026-01-03,0,3442,1740,998,126,238,340,162,65.33,8,0,0
Gurugram,NH-48,2026-01-03,1,4261,2291,1211,183,302,274,261,67.08,5,0,0
Gurugram,NH-48,2026-01-03,2,4253,2334,1092,167,261,399,237,62.42,13,0,0
Gurugram,NH-48,2026-01-03,3,3500,1957,906,103,272,262,264,67.08,5,0,0
Gurugram,NH-48,2026-01-03,4,3655,1968,880,83,317,407,211,67.08,5,0,0
Gurugram,NH-48,2026-01-03,5,15233,8569,3751,400,1097,1416,741,55.42,25,0,0
Gurugram,NH-48,2026-01-03,6,22252,10548,6476,834,2245,2149,1514,52.5,30,0,0
Gurugram,NH-48,2026-01-03,7,22228,12091,5549,587,1456,2545,1235,50.17,34,0,0
Gurugram,NH-48,2026-01-03,8,27370,13824,7368,884,1724,3570,1349,44.33,44,0,0
Gurugram,NH-48,2026-01-03,9,25866,14012,7337,720,1518,2279,1425,48.42,37,0,0
Gurugram,NH-48,2026-01-03,10,15984,8053,4100,388,1272,2171,1005,54.83,26,0,0
Gurugram,NH-48,2026-01-03,11,15348,8097,4508,528,1060,1155,796,57.75,21,0,0
Gurugram,NH-48,2026-01-03,12,14360,7315,4201,523,956,1365,653,60.67,16,0,0
Gurugram,NH-48,2026-01-03,13,15158,7860,3722,460,989,2127,800,54.25,27,0,0
Gurugram,NH-48,2026-01-03,14,13569,7385,3696,434,650,1404,912,57.75,21,0,0
Gurugram,NH-48,2026-01-03,15,15018,7772,3502,521,1204,2019,773,56.58,23,0,0
Gurugram,NH-48,2026-01-03,16,14285,7230,3851,538,1200,1466,596,56.58,23,0,0
Gurugram,NH-48,2026-01-03,17,32611,18217,8557,632,2065,3140,2264,47.83,38,0,0
Gurugram,NH-48,2026-01-03,18,41511,21375,10866,1247,2822,5201,1912,35.0,60,0,0
Gurugram,NH-48,2026-01-03,19,32133,17789,7230,988,2345,3781,1396,38.5,54,0,0
Gurugram,NH-48,2026-01-03,20,12178,6418,3097,434,953,1276,665,63.0,12,0,0
Gurugram,NH-48,2026-01-03,21,14293,7450,3784,542,888,1629,755,54.83,26,0,0
Gurugram,NH-48,2026-01-03,22,4268,2220,1152,158,347,391,191,67.08,5,0,0
Gurugram,NH-48,2026-01-03,23,4493,2270,1327,118,402,376,270,67.08,5,0,0
Gurugram,NH-48,2026-01-04,0,4538,2599,1141,150,353,295,179,67.08,5,0,0
Gurugram,NH-48,2026-01-04,1,3915,2031,989,143,329,423,235,67.08,5,0,0
Gurugram,NH-48,2026-01-04,2,3639,1863,1050,114,345,267,227,62.42,13,0,0
Gurugram,NH-48,2026-01-04,3,3654,1802,1023,102,283,444,229,62.42,13,0,0
Gurugram,NH-48,2026-01-04,4,3771,1886,1055,133,278,419,218,67.08,5,0,0
Gurugram,NH-48,2026-01-04,5,12333,6019,3376,457,1054,1427,552,56.0,24,0,0
Gurugram,NH-48,2026-01-04,6,26019,13792,6770,830,2015,2612,1432,46.08,41,0,0
Gurugram,NH-48,2026-01-04,7,34101,18475,8254,896,3195,3281,1485,40.25,51,0,0
Gurugram,NH-48,2026-01-04,8,32181,16825,8751,1065,2797,2743,1762,44.92,43,0,0
Gurugram,NH-48,2026-01-04,9,22883,12339,5633,760,1769,2382,1352,53.67,28,0,0
Gurugram,NH-48,2026-01-04,10,13725,7307,3649,454,986,1329,1113,56.0,24,0,0
Gurugram,NH-48,2026-01-04,11,14962,8119,4095,490,1217,1041,663,59.5,18,0,0
Gurugram,NH-48,2026-01-04,12,14610,7913,3565,328,908,1896,819,55.42,25,0,0
Gurugram,NH-48,2026-01-04,13,17765,9745,4630,562,989,1839,1133,54.25,27,0,0
Gurugram,NH-48,2026-01-04,14,15315,7909,3993,598,1071,1744,853,53.08,29,0,0
Gurugram,NH-48,2026-01-04,15,15917,8384,4046,594,1252,1641,996,56.58,23,0,0
Gurugram,NH-48,2026-01-04,16,14345,7247,3938,561,921,1678,943,62.42,13,0,0
Gurugram,NH-48,2026-01-04,17,32299,16957,8653,924,1987,3778,2096,46.67,40,0,0
Gurugram,NH-48,2026-01-04,18,28821,15505,7605,852,2295,2564,1129,47.83,38,0,0
Gurugram,NH-48,2026-01-04,19,33941,17287,9084,777,2410,4383,2177,38.5,54,0,0
Gurugram,NH-48,2026-01-04,20,15718,8906,3925,574,1280,1033,787,57.17,22,0,0
Gurugram,NH-48,2026-01-04,21,18442,9434,4964,592,1325,2127,1053,54.83,26,0,0
Gurugram,NH-48,2026-01-04,22,3678,1896,927,115,272,468,205,67.08,5,0,0
Gurugram,NH-48,2026-01-04,23,4205,2254,1074,153,362,362,220,67.08,5,0,0
Gurugram,NH-48,2026-01-05,0,3977,2165,1117,124,268,303,276,65.33,8,0,0
Gurugram,NH-48,2026-01-05,1,3864,2025,1075,116,302,346,206,66.5,6,0,0
Gurugram,NH-48,2026-01-05,2,3970,2302,1090,109,221,248,232,67.08,5,0,0
Gurugram,NH-48,2026-01-05,3,4330,2171,1214,101,351,493,223,67.08,5,0,0
Gurugram,NH-48,2026-01-05,4,4462,2381,1290,121,330,340,296,66.5,6,0,0
Gurugram,NH-48,2026-01-05,5,12479,6903,3278,381,903,1014,770,61.83,14,0,0
Gurugram,NH-48,2026-01-05,6,17220,9153,4194,485,1511,1877,980,56.58,23,0,0
Gurugram,NH-48,2026-01-05,7,29326,15866,7909,1055,1960,2536,1397,40.25,51,0,0
Gurugram,NH-48,2026-01-05,8,31449,15825,8655,1119,2326,3524,1475,43.75,45,0,0
Gurugram,NH-48,2026-01-05,9,28065,15129,6802,647,2192,3295,1342,49.58,35,0,0
Gurugram,NH-48,2026-01-05,10,15416,7950,4102,516,1406,1442,637,54.83,26,0,0
Gurugram,NH-48,2026-01-05,11,19040,9607,5300,604,1209,2320,842,55.42,25,0,0
Gurugram,NH-48,2026-01-05,12,13931,7381,3812,466,1060,1212,854,58.92,19,0,0
Gurugram,NH-48,2026-01-05,13,13961,6778,3886,385,1109,1803,731,57.75,21,0,0
Gurugram,NH-48,2026-01-05,14,13961,7211,3606,451,1070,1623,783,62.42,13,0,0
Gurugram,NH-48,2026-01-05,15,14056,7534,3664,540,895,1423,891,59.5,18,0,0
Gurugram,NH-48,2026-01-05,16,16716,9130,4445,519,1379,1243,901,55.42,25,0,0
Gurugram,NH-48,2026-01-05,17,32585,15982,9160,1224,2076,4143,1965,46.08,41,0,0
Gurugram,NH-48,2026-01-05,18,31754,16623,7978,926,2145,4082,1698,41.42,49,0,0
Gurugram,NH-48,2026-01-05,19,29795,14790,8737,830,2629,2809,2024,43.17,46,0,0
Gurugram,NH-48,2026-01-05,20,15547,8112,3472,496,1327,2140,732,54.83,26,0,0
Gurugram,NH-48,2026-01-05,21,17295,9355,4931,369,1243,1397,971,53.08,29,0,0
Gurugram,NH-48,2026-01-05,22,4378,2341,1252,108,205,472,244,67.08,5,0,0
Gurugram,NH-48,2026-01-05,23,3362,1718,818,116,250,460,151,64.75,9,0,0
Gurugram,NH-48,2026-01-06,0,4249,2188,1186,159,328,388,236,67.08,5,0,0
Gurugram,NH-48,2026-01-06,1,4472,2338,1060,150,329,595,264,66.5,6,0,0
Gurugram,NH-48,2026-01-06,2,4333,2396,1197,98,313,329,297,67.08,5,0,0
Gurugram,NH-48,2026-01-06,3,4126,2186,1143,104,295,398,175,67.08,5,0,0
Gurugram,NH-48,2026-01-06,4,4132,2071,1126,163,314,458,237,67.08,5,0,0
Gurugram,NH-48,2026-01-06,5,16709,8338,4277,579,1497,2018,999,57.75,21,0,0
Gurugram,NH-48,2026-01-06,6,18779,10313,5138,692,1224,1412,917,59.5,18,0,0
Gurugram,NH-48,2026-01-06,7,29188,14689,8359,934,2482,2724,2083,40.25,51,0,0
Gurugram,NH-48,2026-01-06,8,29103,15602,7142,846,1750,3763,1869,45.5,42,0,0
Gurugram,NH-48,2026-01-06,9,25087,13385,5996,731,1771,3204,1499,45.5,42,0,0
Gurugram,NH-48,2026-01-06,10,13958,7356,3421,454,1201,1526,954,57.17,22,0,0
Gurugram,NH-48,2026-01-06,11,17859,9127,4441,630,1571,2090,938,51.33,32,0,0
Gurugram,NH-48,2026-01-06,12,11673,6399,2724,370,935,1245,691,63.0,12,0,0
Gurugram,NH-48,2026-01-06,13,16926,8865,4459,662,1197,1743,730,57.75,21,0,0
Gurugram,NH-48,2026-01-06,14,15474,7820,4400,552,1136,1566,886,58.33,20,0,0
Gurugram,NH-48,2026-01-06,15,15024,8139,3568,456,1071,1790,897,57.17,22,0,0
Gurugram,NH-48,2026-01-06,16,17733,9025,4806,509,1344,2049,1162,51.92,31,0,0
Gurugram,NH-48,2026-01-06,17,28634,15173,7234,1031,2316,2880,1288,49.58,35,0,0
Gurugram,NH-48,2026-01-06,18,31626,16278,8952,1053,2660,2683,2045,44.92,43,0,0
Gurugram,NH-48,2026-01-06,19,35245,18425,9398,1088,2712,3622,1888,40.25,51,0,0
Gurugram,NH-48,2026-01-06,20,15515,7480,4146,533,1152,2204,705,63.0,12,0,0
Gurugram,NH-48,2026-01-06,21,17015,8303,4541,395,1509,2267,580,57.75,21,0,0
Gurugram,NH-48,2026-01-06,22,5068,2798,1386,165,339,380,337,67.08,5,0,0
Gurugram,NH-48,2026-01-06,23,4350,2107,1236,117,379,511,213,63.0,12,0,0
Gurugram,NH-48,2026-01-07,0,4836,2472,1334,146,381,503,302,67.08,5,0,0
Gurugram,NH-48,2026-01-07,1,3466,1832,957,101,197,379,194,65.33,8,0,0
Gurugram,NH-48,2026-01-07,2,4259,2405,1111,105,339,299,217,67.08,5,0,0
Gurugram,NH-48,2026-01-07,3,4620,2497,1243,122,335,423,276,67.08,5,0,0
Gurugram,NH-48,2026-01-07,4,4899,2679,1219,216,370,415,281,67.08,5,0,0
Gurugram,NH-48,2026-01-07,5,14251,8142,3185,401,709,1814,862,60.67,16,0,0
Gurugram,NH-48,2026-01-07,6,20630,10634,5688,440,1897,1971,1387,49.58,35,0,0
Gurugram,NH-48,2026-01-07,7,26016,13220,7448,569,1809,2970,1351,49.58,35,0,0
Gurugram,NH-48,2026-01-07,8,33626,18100,9614,1278,2744,1890,2059,41.42,49,0,0
Gurugram,NH-48,2026-01-07,9,29639,15100,8429,997,1710,3403,2107,48.42,37,0,0
Gurugram,NH-48,2026-01-07,10,14397,7592,3553,372,1118,1762,840,63.58,11,0,0
Gurugram,NH-48,2026-01-07,11,17731,9139,4679,555,1257,2101,1233,58.33,20,0,0
Gurugram,NH-48,2026-01-07,12,17889,9711,4860,437,1314,1567,952,58.92,19,0,0
Gurugram,NH-48,2026-01-07,13,14988,8109,3900,354,896,1729,745,54.83,26,0,0
Gurugram,NH-48,2026-01-07,14,16268,8696,4203,456,1030,1883,969,57.17,22,0,0
Gurugram,NH-48,2026-01-07,15,18486,9862,4838,593,1194,1999,1234,53.67,28,0,0
Gurugram,NH-48,2026-01-07,16,15898,8446,4087,559,1260,1546,918,56.0,24,0,0
Gurugram,NH-48,2026-01-07,17,26922,12839,7475,956,2260,3392,1342,47.25,39,0,0
Gurugram,NH-48,2026-01-07,18,35858,18659,10403,1148,3032,2616,1940,36.75,57,0,0
Gurugram,NH-48,2026-01-07,19,34208,17047,9647,1115,2403,3996,1653,44.92,43,0,0
Gurugram,NH-48,2026-01-07,20,11915,6174,3472,389,885,995,554,63.58,11,0,0
Gurugram,NH-48,2026-01-07,21,14465,7110,3843,578,1199,1735,754,53.67,28,0,0
Gurugram,NH-48,2026-01-07,22,4113,2176,1074,144,329,390,210,64.75,9,0,0
Gurugram,NH-48,2026-01-07,23,4587,2217,1187,142,374,667,198,67.08,5,0,0
Gurugram,MG Road,2026-01-01,0,1646,848,471,43,128,156,76,38.33,5,0,1
Gurugram,MG Road,2026-01-01,1,2088,1085,556,62,157,228,120,37.67,7,0,1
Gurugram,MG Road,2026-01-01,2,1909,957,509,55,102,286,115,38.33,5,0,1
Gurugram,MG Road,2026-01-01,3,1669,935,406,39,122,167,105,38.33,5,0,1
Gurugram,MG Road,2026-01-01,4,1363,717,373,46,128,99,68,38.33,5,0,1
Gurugram,MG Road,2026-01-01,5,6185,3187,1706,207,411,674,381,34.33,17,0,1
Gurugram,MG Road,2026-01-01,6,10394,5611,2651,306,779,1047,570,27.67,37,0,1
Gurugram,MG Road,2026-01-01,7,12877,7360,3050,281,856,1330,772,22.67,52,0,1
Gurugram,MG Road,2026-01-01,8,9397,4501,2475,311,750,1360,497,27.67,37,0,1
Gurugram,MG Road,2026-01-01,9,12944,6501,3427,446,782,1788,679,23.33,50,0,1
Gurugram,MG Road,2026-01-01,10,6107,3204,1616,188,416,683,293,35.0,15,0,1
Gurugram,MG Road,2026-01-01,11,7447,3743,1973,286,502,943,410,33.33,20,0,1
Gurugram,MG Road,2026-01-01,12,7917,4000,2174,271,532,940,285,32.67,22,0,1
Gurugram,MG Road,2026-01-01,13,7242,3715,1798,171,649,909,375,32.33,23,0,1
Gurugram,MG Road,2026-01-01,14,7280,3835,2101,296,441,607,345,31.0,27,0,1
Gurugram,MG Road,2026-01-01,15,6617,3651,1720,252,381,613,420,33.33,20,0,1
Gurugram,MG Road,2026-01-01,16,5859,2931,1718,181,466,563,362,34.33,17,0,1
Gurugram,MG Road,2026-01-01,17,14646,8244,3923,535,1010,934,896,23.0,51,0,1
Gurugram,MG Road,2026-01-01,18,13364,6906,3480,568,784,1626,667,25.33,44,0,1
Gurugram,MG Road,2026-01-01,19,12051,6459,2922,462,933,1275,564,25.33,44,0,1
Gurugram,MG Road,2026-01-01,20,8157,4590,2277,255,611,424,509,32.0,24,0,1
Gurugram,MG Road,2026-01-01,21,5227,2664,1511,161,482,409,228,33.67,19,0,1
Gurugram,MG Road,2026-01-01,22,1966,1084,462,70,105,245,122,38.33,5,0,1
Gurugram,MG Road,2026-01-01,23,1988,1039,563,57,124,205,121,38.33,5,0,1
Gurugram,MG Road,2026-01-02,0,1272,632,344,35,98,163,41,38.0,6,0,0
Gurugram,MG Road,2026-01-02,1,1433,781,403,51,101,97,78,37.67,7,0,0
Gurugram,MG Road,2026-01-02,2,1939,1086,463,55,151,184,111,36.33,11,0,0
Gurugram,MG Road,2026-01-02,3,1473,755,353,63,92,210,100,38.33,5,0,0
Gurugram,MG Road,2026-01-02,4,1667,868,412,40,121,226,82,38.33,5,0,0
Gurugram,MG Road,2026-01-02,5,5156,2735,1386,163,365,507,309,34.33,17,0,0
Gurugram,MG Road,2026-01-02,6,9863,5142,2450,322,693,1256,563,26.67,40,0,0
Gurugram,MG Road,2026-01-02,7,12978,7303,2887,416,941,1431,678,24.67,46,0,0
Gurugram,MG Road,2026-01-02,8,11237,5775,3204,327,706,1225,645,26.67,40,0,0
Gurugram,MG Road,2026-01-02,9,10605,5697,2394,411,656,1447,589,28.0,36,0,0
Gurugram,MG Road,2026-01-02,10,6171,3404,1429,168,400,770,247,35.67,13,0,0
Gurugram,MG Road,2026-01-02,11,6467,3362,1672,186,623,624,341,34.0,18,0,0
Gurugram,MG Road,2026-01-02,12,6576,3535,1729,149,445,718,399,32.67,22,0,0
Gurugram,MG Road,2026-01-02,13,6902,3969,1698,254,411,570,337,31.0,27,0,0
Gurugram,MG Road,2026-01-02,14,5480,3001,1422,173,424,460,336,35.0,15,0,0
Gurugram,MG Road,2026-01-02,15,6228,3317,1680,199,412,620,350,35.33,14,0,0
Gurugram,MG Road,2026-01-02,16,6120,3095,1728,240,554,503,403,33.33,20,0,0
Gurugram,MG Road,2026-01-02,17,13156,7399,3366,449,867,1075,596,24.67,46,0,0
Gurugram,MG Road,2026-01-02,18,13388,6853,3631,334,872,1698,683,24.33,47,0,0
Gurugram,MG Road,2026-01-02,19,10911,5608,2961,406,897,1039,589,28.33,35,0,0
Gurugram,MG Road,2026-01-02,20,5377,2906,1338,182,411,540,337,34.0,18,0,0
Gurugram,MG Road,2026-01-02,21,7026,3445,1933,283,502,863,360,29.33,32,0,0
Gurugram,MG Road,2026-01-02,22,1810,953,460,58,119,220,83,37.67,7,0,0
Gurugram,MG Road,2026-01-02,23,1407,757,380,57,81,132,89,38.0,6,0,0
Gurugram,MG Road,2026-01-03,0,1588,827,396,62,119,184,84,38.33,5,0,0
Gurugram,MG Road,2026-01-03,1,1730,979,447,43,134,127,102,36.67,10,0,0
Gurugram,MG Road,2026-01-03,2,1169,593,302,33,91,150,61,38.33,5,0,0
Gurugram,MG Road,2026-01-03,3,1576,789,422,60,123,182,75,38.33,5,0,0
Gurugram,MG Road,2026-01-03,4,1523,798,389,48,134,154,71,38.33,5,0,0
Gurugram,MG Road,2026-01-03,5,5514,2976,1279,186,423,650,255,35.67,13,0,0
Gurugram,MG Road,2026-01-03,6,7418,3796,2172,186,516,748,434,31.0,27,0,0
Gurugram,MG Road,2026-01-03,7,9804,5027,2757,305,804,911,501,27.67,37,0,0
Gurugram,MG Road,2026-01-03,8,9765,5124,2403,399,754,1085,567,30.67,28,0,0
Gurugram,MG Road,2026-01-03,9,11038,5877,2876,353,851,1081,618,29.33,32,0,0
Gurugram,MG Road,2026-01-03,10,5608,2919,1591,171,510,417,266,30.67,28,0,0
Gurugram,MG Road,2026-01-03,11,5864,3041,1606,211,494,512,319,34.0,18,0,0
Gurugram,MG Road,2026-01-03,12,6012,3360,1423,216,415,598,328,34.67,16,0,0
Gurugram,MG Road,2026-01-03,13,5522,2985,1331,189,432,585,254,34.0,18,0,0
Gurugram,MG Road,2026-01-03,14,6511,3399,1472,272,528,840,352,31.0,27,0,0
Gurugram,MG Road,2026-01-03,15,5330,2799,1433,169,448,481,288,34.0,18,0,0
Gurugram,MG Road,2026-01-03,16,5111,2552,1448,200,401,510,247,34.67,16,0,0
Gurugram,MG Road,2026-01-03,17,14919,7701,4197,414,1231,1376,840,22.67,52,0,0
Gurugram,MG Road,2026-01-03,18,14297,6954,4020,308,968,2047,990,20.67,58,0,0
Gurugram,MG Road,2026-01-03,19,13462,6687,3336,419,1059,1961,789,24.33,47,0,0
Gurugram,MG Road,2026-01-03,20,6366,3493,1588,230,509,546,389,32.0,24,0,0
Gurugram,MG Road,2026-01-03,21,6213,3301,1486,183,545,698,312,33.0,21,0,0
Gurugram,MG Road,2026-01-03,22,1566,794,396,56,132,188,101,38.33,5,0,0
Gurugram,MG Road,2026-01-03,23,1866,998,493,45,139,191,112,37.67,7,0,0
Gurugram,MG Road,2026-01-04,0,1332,726,360,31,89,126,92,38.33,5,0,0
Gurugram,MG Road,2026-01-04,1,1678,969,398,66,90,155,102,37.0,9,0,0
Gurugram,MG Road,2026-01-04,2,1428,746,377,47,127,131,90,38.33,5,0,0
Gurugram,MG Road,2026-01-04,3,1396,755,381,49,81,130,89,38.33,5,0,0
Gurugram,MG Road,2026-01-04,4,1354,665,360,54,119,156,86,38.33,5,0,0
Gurugram,MG Road,2026-01-04,5,6368,3341,1841,189,349,648,405,31.33,26,0,0
Gurugram,MG Road,2026-01-04,6,9072,4605,2499,288,700,980,541,26.33,41,0,0
Gurugram,MG Road,2026-01-04,7,11048,5831,2910,363,731,1213,651,27.0,39,0,0
Gurugram,MG Road,2026-01-04,8,11485,5831,3376,433,826,1019,543,26.0,42,0,0
Gurugram,MG Road,2026-01-04,9,10596,5862,2466,260,814,1194,657,25.0,45,0,0
Gurugram,MG Road,2026-01-04,10,4876,2557,1294,167,375,483,253,36.33,11,0,0
Gurugram,MG Road,2026-01-04,11,6524,3596,1767,194,432,535,395,34.33,17,0,0
Gurugram,MG Road,2026-01-04,12,7126,3815,1680,284,570,777,331,34.33,17,0,0
Gurugram,MG Road,2026-01-04,13,6371,3382,1946,169,316,558,367,30.0,30,0,0
Gurugram,MG Road,2026-01-04,14,6303,3207,1683,178,552,683,239,34.0,18,0,0
Gurugram,MG Road,2026-01-04,15,5230,2756,1275,157,369,673,254,31.0,27,0,0
Gurugram,MG Road,2026-01-04,16,5363,2754,1411,172,417,609,260,35.67,13,0,0
Gurugram,MG Road,2026-01-04,17,17919,9849,4543,415,1270,1842,1075,24.0,48,0,0
Gurugram,MG Road,2026-01-04,18,14054,7808,3477,380,941,1448,671,24.67,46,0,0
Gurugram,MG Road,2026-01-04,19,11807,6589,2650,292,847,1429,590,28.0,36,0,0
Gurugram,MG Road,2026-01-04,20,7321,3735,2188,235,423,740,417,33.0,21,0,0
Gurugram,MG Road,2026-01-04,21,6737,3735,1650,262,439,651,404,30.33,29,0,0
Gurugram,MG Road,2026-01-04,22,1276,691,335,40,61,149,87,38.33,5,0,0
Gurugram,MG Road,2026-01-04,23,1363,746,323,47,103,144,68,38.33,5,0,0
Gurugram,MG Road,2026-01-05,0,1711,931,446,61,95,178,107,37.0,9,0,0
Gurugram,MG Road,2026-01-05,1,1597,731,488,39,114,225,75,38.33,5,0,0
Gurugram,MG Road,2026-01-05,2,1951,990,504,66,147,244,124,37.33,8,0,0
Gurugram,MG Road,2026-01-05,3,1789,927,458,55,126,223,118,38.33,5,0,0
Gurugram,MG Road,2026-01-05,4,1729,909,438,59,142,181,69,38.33,5,0,0
Gurugram,MG Road,2026-01-05,5,7176,4078,1486,248,633,731,275,31.0,27,0,0
Gurugram,MG Road,2026-01-05,6,10958,5673,3173,360,764,988,704,29.33,32,0,0
Gurugram,MG Road,2026-01-05,7,10799,5513,2760,372,988,1166,455,26.33,41,0,0
Gurugram,MG Road,2026-01-05,8,14544,7585,3703,509,1347,1400,640,22.33,53,0,0
Gurugram,MG Road,2026-01-05,9,13256,6901,3572,499,1075,1209,738,27.0,39,0,0
Gurugram,MG Road,2026-01-05,10,7014,3596,1807,220,520,871,410,32.33,23,0,0
Gurugram,MG Road,2026-01-05,11,7075,3616,1915,218,509,817,367,32.67,22,0,0
Gurugram,MG Road,2026-01-05,12,8011,3991,2248,275,595,902,445,29.0,33,0,0
Gurugram,MG Road,2026-01-05,13,6748,3626,1698,213,486,725,368,32.33,23,0,0
Gurugram,MG Road,2026-01-05,14,6024,3197,1598,157,416,656,341,33.67,19,0,0
Gurugram,MG Road,2026-01-05,15,4648,2437,1288,147,408,368,331,36.33,11,0,0
Gurugram,MG Road,2026-01-05,16,6667,3550,1593,227,486,811,365,33.33,20,0,0
Gurugram,MG Road,2026-01-05,17,11675,6031,3342,434,1032,836,762,23.33,50,0,0
Gurugram,MG Road,2026-01-05,18,12907,7087,3496,382,958,984,755,24.33,47,0,0
Gurugram,MG Road,2026-01-05,19,13304,6598,3755,378,1231,1342,745,25.0,45,0,0
Gurugram,MG Road,2026-01-05,20,5840,3086,1800,155,417,382,310,35.0,15,0,0
Gurugram,MG Road,2026-01-05,21,6960,3765,1691,264,556,684,390,34.67,16,0,0
Gurugram,MG Road,2026-01-05,22,1700,950,425,78,137,110,91,38.0,6,0,0
Gurugram,MG Road,2026-01-05,23,1746,943,437,44,112,210,83,37.33,8,0,0
Gurugram,MG Road,2026-01-06,0,1443,722,432,44,111,134,82,37.67,7,0,0
Gurugram,MG Road,2026-01-06,1,1927,951,511,56,180,229,89,37.67,7,0,0
Gurugram,MG Road,2026-01-06,2,1658,819,437,49,156,197,57,36.33,11,0,0
Gurugram,MG Road,2026-01-06,3,1953,1034,481,51,129,258,102,38.33,5,0,0
Gurugram,MG Road,2026-01-06,4,1715,918,425,52,113,207,96,38.33,5,0,0
Gurugram,MG Road,2026-01-06,5,7378,3952,2006,244,469,707,417,32.0,24,0,0
Gurugram,MG Road,2026-01-06,6,10956,5767,2791,330,884,1184,600,27.67,37,0,0
Gurugram,MG Road,2026-01-06,7,10709,5668,2956,312,921,852,567,26.0,42,0,0
Gurugram,MG Road,2026-01-06,8,12554,6812,3343,415,736,1248,875,26.67,40,0,0
Gurugram,MG Road,2026-01-06,9,11633,6140,2952,334,924,1283,707,28.33,35,0,0
Gurugram,MG Road,2026-01-06,10,6215,3231,1544,164,498,778,287,33.67,19,0,0
Gurugram,MG Road,2026-01-06,11,6066,3060,1901,241,360,504,313,34.67,16,0,0
Gurugram,MG Road,2026-01-06,12,6272,3144,1560,237,544,787,354,32.67,22,0,0
Gurugram,MG Road,2026-01-06,13,6094,3280,1483,155,386,790,424,32.33,23,0,0
Gurugram,MG Road,2026-01-06,14,7341,3689,1966,265,607,814,382,30.0,30,0,0
Gurugram,MG Road,2026-01-06,15,5715,3050,1523,198,384,560,288,34.0,18,0,0
Gurugram,MG Road,2026-01-06,16,5323,2772,1299,158,441,653,317,34.0,18,0,0
Gurugram,MG Road,2026-01-06,17,12561,6620,3597,279,1016,1049,617,25.67,43,0,0
Gurugram,MG Road,2026-01-06,18,12385,6613,2904,456,769,1643,518,22.33,53,0,0
Gurugram,MG Road,2026-01-06,19,11909,5889,3360,394,960,1306,595,28.0,36,0,0
Gurugram,MG Road,2026-01-06,20,7359,3995,1833,200,480,851,313,33.67,19,0,0
Gurugram,MG Road,2026-01-06,21,7333,3750,1907,331,472,873,400,36.33,11,0,0
Gurugram,MG Road,2026-01-06,22,1672,867,440,59,112,194,82,38.33,5,0,0
Gurugram,MG Road,2026-01-06,23,1459,822,342,35,113,147,80,36.33,11,0,0
Gurugram,MG Road,2026-01-07,0,1637,857,449,50,159,122,108,37.33,8,0,0
Gurugram,MG Road,2026-01-07,1,1627,786,500,48,102,191,76,37.67,7,0,0
Gurugram,MG Road,2026-01-07,2,1690,868,408,49,100,265,83,38.33,5,0,0
Gurugram,MG Road,2026-01-07,3,1553,860,368,52,121,152,83,38.33,5,0,0
Gurugram,MG Road,2026-01-07,4,1710,871,455,55,128,201,97,37.67,7,0,0
Gurugram,MG Road,2026-01-07,5,7405,4038,2015,205,611,536,452,31.67,25,0,0
Gurugram,MG Road,2026-01-07,6,10798,5696,2728,411,967,996,605,27.33,38,0,0
Gurugram,MG Road,2026-01-07,7,12638,6955,3161,265,850,1407,754,23.33,50,0,0
Gurugram,MG Road,2026-01-07,8,13836,7274,3297,357,1070,1838,868,24.0,48,0,0
Gurugram,MG Road,2026-01-07,9,11615,6636,2859,318,809,993,621,26.67,40,0,0
Gurugram,MG Road,2026-01-07,10,6694,3688,1650,201,431,724,478,32.0,24,0,0
Gurugram,MG Road,2026-01-07,11,6197,3488,1551,220,467,471,310,30.67,28,0,0
Gurugram,MG Road,2026-01-07,12,7595,4092,1827,190,661,825,471,34.33,17,0,0
Gurugram,MG Road,2026-01-07,13,7006,3802,1807,250,511,636,436,32.0,24,0,0
Gurugram,MG Road,2026-01-07,14,5802,2940,1494,177,523,668,287,32.0,24,0,0
Gurugram,MG Road,2026-01-07,15,5833,3144,1601,215,345,528,254,34.0,18,0,0
Gurugram,MG Road,2026-01-07,16,7422,3836,1898,272,639,777,441,33.33,20,0,0
Gurugram,MG Road,2026-01-07,17,14600,7492,4257,284,936,1631,773,21.0,57,0,0
Gurugram,MG Road,2026-01-07,18,13412,7308,3441,372,994,1297,879,21.0,57,0,0
Gurugram,MG Road,2026-01-07,19,10377,5605,2407,255,802,1308,681,27.67,37,0,0
Gurugram,MG Road,2026-01-07,20,6331,3508,1474,213,535,601,327,35.33,14,0,0
Gurugram,MG Road,2026-01-07,21,4698,2456,1235,172,351,484,222,38.33,5,0,0
Gurugram,MG Road,2026-01-07,22,2040,1078,509,50,176,227,98,38.33,5,0,0
Gurugram,MG Road,2026-01-07,23,2075,1120,563,57,116,219,123,36.0,12,0,0
Gurugram,Sohna Road,2026-01-01,0,1682,896,422,56,127,181,98,38.33,5,0,1
Gurugram,Sohna Road,2026-01-01,1,2563,1268,669,98,221,307,77,35.33,14,0,1
Gurugram,Sohna Road,2026-01-01,2,2524,1266,684,89,186,299,175,37.67,7,0,1
Gurugram,Sohna Road,2026-01-01,3,1868,1050,500,62,118,138,97,37.33,8,0,1
Gurugram,Sohna Road,2026-01-01,4,2741,1498,756,83,148,256,152,38.33,5,0,1
Gurugram,Sohna Road,2026-01-01,5,8697,4790,2359,261,464,823,504,30.67,28,0,1
Gurugram,Sohna Road,2026-01-01,6,11809,6223,3184,370,970,1062,604,30.0,30,0,1
Gurugram,Sohna Road,2026-01-01,7,14888,7555,4107,491,1089,1646,763,27.67,37,0,1
Gurugram,Sohna Road,2026-01-01,8,16315,8573,4357,661,1031,1693,702,25.33,44,0,1
Gurugram,Sohna Road,2026-01-01,9,13970,7445,3723,478,982,1342,942,27.67,37,0,1
Gurugram,Sohna Road,2026-01-01,10,8059,4552,2030,239,523,715,425,34.0,18,0,1
Gurugram,Sohna Road,2026-01-01,11,7314,3871,1854,269,539,781,473,31.67,25,0,1
Gurugram,Sohna Road,2026-01-01,12,8348,4372,2189,309,627,851,406,34.33,17,0,1
Gurugram,Sohna Road,2026-01-01,13,8972,5153,2175,266,666,712,512,33.0,21,0,1
Gurugram,Sohna Road,2026-01-01,14,8588,4403,2435,227,548,975,567,32.33,23,0,1
Gurugram,Sohna Road,2026-01-01,15,9353,4969,2401,185,702,1096,417,33.67,19,0,1
Gurugram,Sohna Road,2026-01-01,16,7759,3955,1918,254,641,991,362,35.0,15,0,1
Gurugram,Sohna Road,2026-01-01,17,19340,9937,5200,640,1378,2185,1009,23.0,51,0,1
Gurugram,Sohna Road,2026-01-01,18,13675,7337,3613,430,929,1366,601,27.33,38,0,1
Gurugram,Sohna Road,2026-01-01,19,16538,8996,4089,600,1223,1630,906,25.33,44,0,1
Gurugram,Sohna Road,2026-01-01,20,7152,3676,2016,231,538,691,340,34.33,17,0,1
Gurugram,Sohna Road,2026-01-01,21,10325,5980,2419,312,764,850,523,32.0,24,0,1
Gurugram,Sohna Road,2026-01-01,22,2015,1053,531,85,126,220,115,38.33,5,0,1
Gurugram,Sohna Road,2026-01-01,23,2494,1265,720,99,175,235,153,38.33,5,0,1
Gurugram,Sohna Road,2026-01-02,0,2556,1234,704,87,160,371,122,36.33,11,0,0
Gurugram,Sohna Road,2026-01-02,1,2538,1326,708,81,134,289,149,37.67,7,0,0
Gurugram,Sohna Road,2026-01-02,2,1484,784,369,52,120,159,88,38.33,5,0,0
Gurugram,Sohna Road,2026-01-02,3,2473,1267,643,72,219,272,115,37.67,7,0,0
Gurugram,Sohna Road,2026-01-02,4,2512,1401,626,84,122,279,134,37.0,9,0,0
Gurugram,Sohna Road,2026-01-02,5,9619,5160,2382,273,715,1089,521,30.67,28,0,0
Gurugram,Sohna Road,2026-01-02,6,11768,5827,3056,395,927,1563,692,30.33,29,0,0
Gurugram,Sohna Road,2026-01-02,7,13848,7368,3573,467,1117,1323,715,29.33,32,0,0
Gurugram,Sohna Road,2026-01-02,8,16020,8653,4247,502,1174,1444,1024,26.0,42,0,0
Gurugram,Sohna Road,2026-01-02,9,15791,8305,4243,660,1364,1219,974,25.0,45,0,0
Gurugram,Sohna Road,2026-01-02,10,8769,4487,2498,203,652,929,447,31.67,25,0,0
Gurugram,Sohna Road,2026-01-02,11,6911,3460,1971,183,503,794,389,35.33,14,0,0
Gurugram,Sohna Road,2026-01-02,12,8114,4244,1956,304,602,1008,524,34.0,18,0,0
Gurugram,Sohna Road,2026-01-02,13,8446,4446,2401,177,604,818,536,34.0,18,0,0
Gurugram,Sohna Road,2026-01-02,14,7768,4172,2043,294,503,756,324,31.67,25,0,0
Gurugram,Sohna Road,2026-01-02,15,9957,5095,2526,335,879,1122,480,34.33,17,0,0
Gurugram,Sohna Road,2026-01-02,16,7485,3968,2077,256,533,651,352,31.0,27,0,0
Gurugram,Sohna Road,2026-01-02,17,18486,9436,5203,509,1522,1816,1057,24.33,47,0,0
Gurugram,Sohna Road,2026-01-02,18,10796,5551,3042,341,748,1114,550,29.67,31,0,0
Gurugram,Sohna Road,2026-01-02,19,14084,7635,3748,428,1089,1184,687,27.67,37,0,0
Gurugram,Sohna Road,2026-01-02,20,9343,5373,2214,284,709,763,466,30.33,29,0,0
Gurugram,Sohna Road,2026-01-02,21,8673,4561,2226,298,683,905,549,31.0,27,0,0
Gurugram,Sohna Road,2026-01-02,22,2419,1256,607,76,195,285,111,38.33,5,0,0
Gurugram,Sohna Road,2026-01-02,23,2109,1004,598,71,163,273,115,38.33,5,0,0
Gurugram,Sohna Road,2026-01-03,0,1835,958,448,58,115,256,80,36.33,11,0,0
Gurugram,Sohna Road,2026-01-03,1,2368,1189,665,79,142,293,128,38.33,5,0,0
Gurugram,Sohna Road,2026-01-03,2,1770,956,409,73,135,197,104,35.67,13,0,0
Gurugram,Sohna Road,2026-01-03,3,2403,1166,608,110,245,274,102,36.33,11,0,0
Gurugram,Sohna Road,2026-01-03,4,2047,1126,529,68,124,200,127,37.67,7,0,0
Gurugram,Sohna Road,2026-01-03,5,8021,4283,2353,271,317,797,515,34.0,18,0,0
Gurugram,Sohna Road,2026-01-03,6,10766,6099,2637,377,900,753,598,31.33,26,0,0
Gurugram,Sohna Road,2026-01-03,7,14028,7245,3517,507,753,2006,805,28.0,36,0,0
Gurugram,Sohna Road,2026-01-03,8,16094,8461,3895,518,1474,1746,921,27.33,38,0,0
Gurugram,Sohna Road,2026-01-03,9,15363,7893,4224,441,1143,1662,910,25.0,45,0,0
Gurugram,Sohna Road,2026-01-03,10,8807,4813,2294,260,563,877,492,35.33,14,0,0
Gurugram,Sohna Road,2026-01-03,11,8579,5084,1702,328,589,876,496,33.67,19,0,0
Gurugram,Sohna Road,2026-01-03,12,7956,4240,2107,264,485,860,455,33.0,21,0,0
Gurugram,Sohna Road,2026-01-03,13,7575,3803,2120,242,645,765,427,33.67,19,0,0
Gurugram,Sohna Road,2026-01-03,14,8932,4869,2214,267,555,1027,474,31.33,26,0,0
Gurugram,Sohna Road,2026-01-03,15,5229,2782,1431,141,369,506,293,38.0,6,0,0
Gurugram,Sohna Road,2026-01-03,16,8071,4001,2183,268,637,982,549,34.0,18,0,0
Gurugram,Sohna Road,2026-01-03,17,16790,8666,4417,563,1478,1666,972,27.33,38,0,0
Gurugram,Sohna Road,2026-01-03,18,23082,12431,6162,716,1610,2163,1204,22.33,53,0,0
Gurugram,Sohna Road,2026-01-03,19,16644,8165,4520,542,1279,2138,663,27.67,37,0,0
Gurugram,Sohna Road,2026-01-03,20,8588,4523,2216,256,665,928,423,36.33,11,0,0
Gurugram,Sohna Road,2026-01-03,21,8372,4590,2227,227,607,721,469,34.67,16,0,0
Gurugram,Sohna Road,2026-01-03,22,1862,990,447,51,158,216,100,38.33,5,0,0
Gurugram,Sohna Road,2026-01-03,23,2170,1095,573,83,162,257,119,37.0,9,0,0
Gurugram,Sohna Road,2026-01-04,0,1876,977,461,61,144,233,80,38.33,5,0,0
Gurugram,Sohna Road,2026-01-04,1,2131,1246,488,68,143,186,113,38.33,5,0,0
Gurugram,Sohna Road,2026-01-04,2,2101,1078,528,81,184,230,91,37.33,8,0,0
Gurugram,Sohna Road,2026-01-04,3,2461,1260,669,90,170,272,122,37.67,7,0,0
Gurugram,Sohna Road,2026-01-04,4,2404,1235,620,79,176,294,121,35.33,14,0,0
Gurugram,Sohna Road,2026-01-04,5,6572,3334,1922,147,506,663,310,37.33,8,0,0
Gurugram,Sohna Road,2026-01-04,6,11394,5947,3097,348,859,1143,504,32.67,22,0,0
Gurugram,Sohna Road,2026-01-04,7,14162,7621,3579,490,1103,1369,629,27.33,38,0,0
Gurugram,Sohna Road,2026-01-04,8,15430,8533,3633,477,1279,1508,847,27.0,39,0,0
Gurugram,Sohna Road,2026-01-04,9,14237,7390,3622,378,1134,1713,686,25.33,44,0,0
Gurugram,Sohna Road,2026-01-04,10,7483,3746,2187,155,577,818,417,34.67,16,0,0
Gurugram,Sohna Road,2026-01-04,11,7744,4006,1957,279,586,916,404,34.0,18,0,0
Gurugram,Sohna Road,2026-01-04,12,6700,3154,1911,213,545,877,341,33.67,19,0,0
Gurugram,Sohna Road,2026-01-04,13,5742,2818,1560,150,427,787,323,35.0,15,0,0
Gurugram,Sohna Road,2026-01-04,14,7759,4081,1989,271,474,944,401,32.0,24,0,0
Gurugram,Sohna Road,2026-01-04,15,8674,4889,2194,261,526,804,669,31.67,25,0,0
Gurugram,Sohna Road,2026-01-04,16,9565,4775,2664,281,758,1087,478,34.33,17,0,0
Gurugram,Sohna Road,2026-01-04,17,25624,13392,6752,835,1846,2799,1669,18.0,66,0,0
Gurugram,Sohna Road,2026-01-04,18,15809,8057,4090,615,1354,1693,695,28.33,35,0,0
Gurugram,Sohna Road,2026-01-04,19,18407,9605,5045,542,1259,1956,676,26.0,42,0,0
Gurugram,Sohna Road,2026-01-04,20,8788,4270,2461,277,649,1131,556,32.67,22,0,0
Gurugram,Sohna Road,2026-01-04,21,8962,4692,2254,265,719,1032,527,30.33,29,0,0
Gurugram,Sohna Road,2026-01-04,22,2537,1330,630,70,204,303,157,37.67,7,0,0
Gurugram,Sohna Road,2026-01-04,23,1907,1011,450,76,136,234,115,38.33,5,0,0
Gurugram,Sohna Road,2026-01-05,0,2668,1456,603,80,194,335,150,37.33,8,0,0
Gurugram,Sohna Road,2026-01-05,1,2469,1333,664,92,183,197,159,35.67,13,0,0
Gurugram,Sohna Road,2026-01-05,2,2734,1425,697,101,175,336,154,36.33,11,0,0
Gurugram,Sohna Road,2026-01-05,3,2357,1230,670,55,205,197,157,38.33,5,0,0
Gurugram,Sohna Road,2026-01-05,4,2630,1417,753,90,205,165,154,38.33,5,0,0
Gurugram,Sohna Road,2026-01-05,5,8817,4499,2200,368,782,968,481,33.0,21,0,0
Gurugram,Sohna Road,2026-01-05,6,13540,7462,3331,405,927,1415,692,28.0,36,0,0
Gurugram,Sohna Road,2026-01-05,7,15088,8093,3913,398,1036,1648,788,26.33,41,0,0
Gurugram,Sohna Road,2026-01-05,8,17204,8948,5045,470,1243,1498,1059,27.33,38,0,0
Gurugram,Sohna Road,2026-01-05,9,20643,10179,5613,699,1091,3061,1012,22.33,53,0,0
Gurugram,Sohna Road,2026-01-05,10,6716,3483,1938,228,482,585,336,34.0,18,0,0
Gurugram,Sohna Road,2026-01-05,11,7313,3983,1801,330,573,626,384,33.67,19,0,0
Gurugram,Sohna Road,2026-01-05,12,8279,4183,2214,285,552,1045,437,34.67,16,0,0
Gurugram,Sohna Road,2026-01-05,13,10898,5485,2451,308,1091,1563,674,31.33,26,0,0
Gurugram,Sohna Road,2026-01-05,14,11156,6013,2923,351,790,1079,607,29.33,32,0,0
Gurugram,Sohna Road,2026-01-05,15,9021,4923,2251,137,678,1032,584,32.33,23,0,0
Gurugram,Sohna Road,2026-01-05,16,8856,4598,2277,241,613,1127,335,33.67,19,0,0
Gurugram,Sohna Road,2026-01-05,17,19642,10500,5536,565,1246,1795,1371,24.0,48,0,0
Gurugram,Sohna Road,2026-01-05,18,16907,9623,4304,500,1265,1215,750,25.33,44,0,0
Gurugram,Sohna Road,2026-01-05,19,14047,6697,4464,397,1072,1417,658,29.67,31,0,0
Gurugram,Sohna Road,2026-01-05,20,7614,4148,1814,226,608,818,484,38.33,5,0,0
Gurugram,Sohna Road,2026-01-05,21,8325,4130,2362,332,726,775,422,34.67,16,0,0
Gurugram,Sohna Road,2026-01-05,22,2132,1151,506,51,171,253,88,35.67,13,0,0
Gurugram,Sohna Road,2026-01-05,23,2446,1223,679,85,208,251,171,38.0,6,0,0
Gurugram,Sohna Road,2026-01-06,0,2619,1421,703,59,202,234,131,35.0,15,0,0
Gurugram,Sohna Road,2026-01-06,1,2245,1203,565,58,207,212,133,36.0,12,0,0
Gurugram,Sohna Road,2026-01-06,2,2166,1072,596,97,181,220,104,38.33,5,0,0
Gurugram,Sohna Road,2026-01-06,3,2209,1077,672,71,162,227,121,38.33,5,0,0
Gurugram,Sohna Road,2026-01-06,4,2545,1403,718,41,200,183,162,35.67,13,0,0
Gurugram,Sohna Road,2026-01-06,5,7680,3822,1941,287,563,1067,427,33.0,21,0,0
Gurugram,Sohna Road,2026-01-06,6,12777,6163,3665,419,954,1576,670,30.67,28,0,0
Gurugram,Sohna Road,2026-01-06,7,16144,8027,4145,611,1376,1985,1011,27.33,38,0,0
Gurugram,Sohna Road,2026-01-06,8,13358,7101,3606,374,1004,1273,553,29.33,32,0,0
Gurugram,Sohna Road,2026-01-06,9,13929,6896,3656,511,1235,1631,575,25.67,43,0,0
Gurugram,Sohna Road,2026-01-06,10,10274,5815,2698,294,553,914,743,33.67,19,0,0
Gurugram,Sohna Road,2026-01-06,11,8638,4538,2347,260,662,831,384,32.33,23,0,0
Gurugram,Sohna Road,2026-01-06,12,9752,4806,2701,240,678,1327,574,30.67,28,0,0
Gurugram,Sohna Road,2026-01-06,13,9563,5170,2653,342,662,736,604,29.67,31,0,0
Gurugram,Sohna Road,2026-01-06,14,7480,4072,1971,222,457,758,390,34.67,16,0,0
Gurugram,Sohna Road,2026-01-06,15,9089,4710,2247,310,720,1102,617,32.0,24,0,0
Gurugram,Sohna Road,2026-01-06,16,9260,5101,2248,267,690,954,590,34.33,17,0,0
Gurugram,Sohna Road,2026-01-06,17,12128,6351,3036,380,1017,1344,604,33.67,19,0,0
Gurugram,Sohna Road,2026-01-06,18,16228,8403,4657,519,1277,1372,996,23.33,50,0,0
Gurugram,Sohna Road,2026-01-06,19,16357,8790,4014,333,1295,1925,1111,26.33,41,0,0
Gurugram,Sohna Road,2026-01-06,20,9064,4893,2328,224,680,939,527,33.33,20,0,0
Gurugram,Sohna Road,2026-01-06,21,8726,4504,2237,279,647,1059,464,33.33,20,0,0
Gurugram,Sohna Road,2026-01-06,22,2253,1198,577,98,149,231,117,38.33,5,0,0
Gurugram,Sohna Road,2026-01-06,23,2213,1114,635,87,190,187,83,38.33,5,0,0
Gurugram,Sohna Road,2026-01-07,0,2237,1154,674,47,141,221,133,38.33,5,0,0
Gurugram,Sohna Road,2026-01-07,1,2266,1140,575,76,190,285,130,38.33,5,0,0
Gurugram,Sohna Road,2026-01-07,2,2502,1322,672,71,171,266,188,37.33,8,0,0
Gurugram,Sohna Road,2026-01-07,3,2135,1098,528,93,149,267,108,38.0,6,0,0
Gurugram,Sohna Road,2026-01-07,4,2522,1272,631,101,211,307,148,37.33,8,0,0
Gurugram,Sohna Road,2026-01-07,5,10732,5978,2899,263,714,878,734,35.0,15,0,0
Gurugram,Sohna Road,2026-01-07,6,12061,6478,2592,376,1143,1472,559,28.0,36,0,0
Gurugram,Sohna Road,2026-01-07,7,16163,8309,4491,449,1106,1808,906,23.67,49,0,0
Gurugram,Sohna Road,2026-01-07,8,16872,9843,3796,441,1169,1623,864,27.67,37,0,0
Gurugram,Sohna Road,2026-01-07,9,16522,9125,3963,736,1013,1685,586,26.33,41,0,0
Gurugram,Sohna Road,2026-01-07,10,9307,4535,2387,311,862,1212,448,34.67,16,0,0
Gurugram,Sohna Road,2026-01-07,11,8218,4421,1989,207,596,1005,442,34.67,16,0,0
Gurugram,Sohna Road,2026-01-07,12,9858,5333,2311,324,763,1127,582,31.67,25,0,0
Gurugram,Sohna Road,2026-01-07,13,8258,4241,2129,299,559,1030,447,34.0,18,0,0
Gurugram,Sohna Road,2026-01-07,14,9282,5018,2276,300,619,1069,550,30.33,29,0,0
Gurugram,Sohna Road,2026-01-07,15,9641,4765,2656,432,572,1216,551,33.67,19,0,0
Gurugram,Sohna Road,2026-01-07,16,8512,4910,2262,241,614,485,626,34.67,16,0,0
Gurugram,Sohna Road,2026-01-07,17,17360,8888,4434,609,1551,1878,1020,24.67,46,0,0
Gurugram,Sohna Road,2026-01-07,18,18745,10220,4623,683,1552,1667,1014,23.33,50,0,0
Gurugram,Sohna Road,2026-01-07,19,13957,7335,4139,461,943,1079,734,27.67,37,0,0
Gurugram,Sohna Road,2026-01-07,20,9337,4782,2373,265,702,1215,551,30.67,28,0,0
Gurugram,Sohna Road,2026-01-07,21,8945,4660,2187,321,695,1082,594,31.33,26,0,0
Gurugram,Sohna Road,2026-01-07,22,2653,1328,703,83,173,366,158,37.0,9,0,0
Gurugram,Sohna Road,2026-01-07,23,2645,1498,606,68,202,271,161,37.33,8,0,0
